# ABMS : MySQL database backup
#
# Generated: Friday 15. April 2022
# Hostname: localhost
# Database: bsms
# --------------------------------------------------------


#
# Delete any existing table `tbl_support`
#

DROP TABLE IF EXISTS `tbl_support`;


#
# Table structure of table `tbl_support`
#



CREATE TABLE `tbl_support` (
  `id` int(11) NOT NULL AUTO_INCREMENT,
  `name` varchar(50) DEFAULT NULL,
  `email` varchar(60) DEFAULT NULL,
  `number` varchar(20) DEFAULT NULL,
  `subject` varchar(100) DEFAULT NULL,
  `message` text,
  `date` timestamp NULL DEFAULT CURRENT_TIMESTAMP,
  PRIMARY KEY (`id`)
) ENGINE=InnoDB DEFAULT CHARSET=utf8mb4;




#
# Delete any existing table `tbl_users`
#

DROP TABLE IF EXISTS `tbl_users`;


#
# Table structure of table `tbl_users`
#



CREATE TABLE `tbl_users` (
  `id` int(11) NOT NULL AUTO_INCREMENT,
  `username` varchar(50) DEFAULT NULL,
  `password` varchar(100) DEFAULT NULL,
  `user_type` varchar(20) DEFAULT NULL,
  `avatar` text,
  `created_at` timestamp NOT NULL DEFAULT CURRENT_TIMESTAMP,
  PRIMARY KEY (`id`)
) ENGINE=InnoDB AUTO_INCREMENT=15 DEFAULT CHARSET=utf8mb4;

INSERT INTO tbl_users VALUES("11","admin","d033e22ae348aeb5660fc2140aec35850c4da997","administrator","data:image/jpeg;base64,/9j/4AAQSkZJRgABAQAAAQABAAD/4gIoSUNDX1BST0ZJTEUAAQEAAAIYAAAAAAQwAABtbnRyUkdCIFhZWiAAAAAAAAAAAAAAAABhY3NwAAAAAAAAAAAAAAAAAAAAAAAAAAAAAAAAAAAAAQAA9tYAAQAAAADTLQAAAAAAAAAAAAAAAAAAAAAAAAAAAAAAAAAAAAAAAAAAAAAAAAAAAAAAAAAAAAAAAAAAAAlkZXNjAAAA8AAAAHRyWFlaAAABZAAAABRnWFlaAAABeAAAABRiWFlaAAABjAAAABRyVFJDAAABoAAAAChnVFJDAAABoAAAAChiVFJDAAABoAAAACh3dHB0AAAByAAAABRjcHJ0AAAB3AAAADxtbHVjAAAAAAAAAAEAAAAMZW5VUwAAAFgAAAAcAHMAUgBHAEIAAAAAAAAAAAAAAAAAAAAAAAAAAAAAAAAAAAAAAAAAAAAAAAAAAAAAAAAAAAAAAAAAAAAAAAAAAAAAAAAAAAAAAAAAAAAAAAAAAAAAAAAAAFhZWiAAAAAAAABvogAAOPUAAAOQWFlaIAAAAAAAAGKZAAC3hQAAGNpYWVogAAAAAAAAJKAAAA+EAAC2z3BhcmEAAAAAAAQAAAACZmYAAPKnAAANWQAAE9AAAApbAAAAAAAAAABYWVogAAAAAAAA9tYAAQAAAADTLW1sdWMAAAAAAAAAAQAAAAxlblVTAAAAIAAAABwARwBvAG8AZwBsAGUAIABJAG4AYwAuACAAMgAwADEANv/bAEMAAwICAwICAwMDAwQDAwQFCAUFBAQFCgcHBggMCgwMCwoLCw0OEhANDhEOCwsQFhARExQVFRUMDxcYFhQYEhQVFP/bAEMBAwQEBQQFCQUFCRQNCw0UFBQUFBQUFBQUFBQUFBQUFBQUFBQUFBQUFBQUFBQUFBQUFBQUFBQUFBQUFBQUFBQUFP/AABEIAPoB1AMBIgACEQEDEQH/xAAdAAABBAMBAQAAAAAAAAAAAAAEAgMFBgABBwgJ/8QARRAAAgECBAQFAgMGBAQFAwUAAQIDABEEBRIhBjFBUQcTImFxMoEIFJEVI0JSobEzYnLBQ4LR4QkWJJLwNDXxRFNzorL/xAAZAQADAQEBAAAAAAAAAAAAAAABAgMABAX/xAAuEQACAgICAQMDAwQCAwAAAAAAAQIRITEDEkETIlEyYXEEQrEUUqHwgZHR4fH/2gAMAwEAAhEDEQA/APcuVfioyPBY2PLeM8pzTgzM2v8A/W4Ob8u29rrIUBI99IHvXXMi4kynijBfnMnzPB5rhNRTz8FOsyahzGpSRf2oHPMtybjHLZcDmWHw2YYVuaTIraT0YXGxB3BrkGd/hbyiKaXMeDc/zHhjNyDeeHEO2ve9mdWWS3S2u1uldTjCXiv4PPXLOGL7f4Z3+srzDJ4g+NfhDZeIMqwfH+Vp9WKwAMc6joLolz94/lqufA/4s+BOL8SuCxmOfhnNNQQ4XOgIFL9VWW+gm+1rg+1aX6bkStZX2K/1MLSeGdrrKA/asHlrIZVEbC6yX9LDuDyNY2aQLa8wF+VR9OXwV9WIfWUD+04BzmUfJtTbZ1hU54hB963SRvViSVaLAdahp+JMJFfVLy69Kj8RxfhkQlHQnsWp48M34Jy50tFilluNuVCtiQDzFU3MOOEa4EqgW/hqCm4zBNjKth2rpjwNbOSblLLOpJjb8nU/enhiTbkP1rjycdsstte3c2p2TxDJuEm2HM2pn+mvQi5Zx8nWXxtjb0g/NNSY8L9Uij5Ncgm8QJPqOJBX/NUbivEGSUMfNUgdLmsv06W2TfNyyOv4riDDRI1pQzDsaquM4mJmLAbd65fiuN5CrXOx5EHegG4sawJYkHoCa6YQUNEnGUts7TlvFhU6bAp161OR8TYdramCX6k1wCLixlOlTb4NEpxjJG9jJY9qWUIyy0ZKaO9HiHCi/wC8B91pp+JMODYKze9xXE14tctcSMe63tWxxU0p+vfsDeguGAX2WzsWI4sw0aEqbMPeonE8csi+kM4P8o3rmb8QyBSxXYc9t6FHE0kzMNDAewplCK0gdZM6TLxfJJtqCuel96SM5eVQWmLe4PKudjPUPp1hW96w5ucHg5pSWGx3vTZWh1xvyXrMvEXA8OYYuXEs17aSTTWC8SGm9cscqI24Kra1eXc+42lnz1D5uttdgoO43710sK8+QxyDFOmJ0avSxNj0G9N1vLOe5dqSOyjjqDFSRKuIJDEL7gnkKmpJdIDuzDbax5149n4+zDhTNA88rO172Jtf/pXScd424ObL43WVSAuxJ5/qaHWXgtX9x2vEY/DaTrnVbHcMelBHiLBKDFFokJ5FfV/Y15Nz/wAc3xOJdYlZmvbZ9I/pUbB4447CN65Aq25qRcf0ovh5NkH+ohB03R60xEv5sMCzxKeq+kn+tROIlmwihYZnIXYGVtR/U158yr8QaYpgkmIjjI2u7EXq5Zb4rxZhEA8kJFuaMD/vU3CUdl4ThPTOh4jP54BZySTzNx/cVCYviF0veO6n+IkmobD8RwZg7WmCjoCKFzEkKXjYEdzvUuz0mdKhfkTjuJcO0jIoDEdVqu5lmkUoceTrFvqKnb+tR+cYlJNTKiRzg7ELzqmZ1n2OwiMkyBFbbWFt/QUVYq4pJ2mEZ5m0MWtVILdrVK8HcV5VPh5MJjHRZTsoqoZdwzmnFpZ8FGjYeM2lxMsgSKL3djsKseA4K8N8gkWbPscnH+YINUeXYC6ZXFJ086UnXLYi9kAB5HvQnHuqRSM+rIDiThGXLc7GcZDi5sPio2LxyQABl7jsb1M4X8UuZw5Ycr4r4cbG2shxMDKwPuyNa32JqYzDi5s3xks6RYdWKLGIsND5MESqLBUj5KAPv3JqMzPwvzTiPwzbj1Bl0fDzaz+amlIkNnMeyhTzYWG9cLXLxvVj1Cbtujz74jZ1w3mGZyT5aj4dJWLeV5RFidz7VRMyySPEYfXAhVzvqYc6nM34oyOPEsJsQoKnYaL3qv5x4h5A2HZEd2cDYAVSL5Hmgz6aZTsVI+XYsrMquLEDmfvQmZ58xUCJF325Af2qdwWXNxdM4wREjKusqBcgVXc1yuTL8Q0U0ZVgeosad1XuHhH22sEfNjJpUBst+vWg5cOZN1TerBhcklkwEuKRXEKfUxGwpvCZXNj4JJIltGouWO16lJxB1p3sqM8YVyStj8XoGZtBJVSze9TGPg0uVU3N6jpEseW/elefBdPGCOkd3HqHq9xTSqHNrG/uKPeJSDz+aQ6bAqL2pHZkmtuwVsNqGnQD72pmTDuCAygqOVFhCTe4FNyO6vZ1OnvSdbK9rwyXyjCticMypGGNuVQ+ZYZoJmW1iOYtVk4Ozf8AKYl4NBaOcaTY2ofjbANhMdshCncAGi4taJ2kyrTQ6YwQnqpiaZXGogAjuL0ZIo8ncEnsaCfWPSTb5FLTW0K2k8IjJsTeQ2jP2FZRToQx1bnvWVHu1ihvVl8H35w/iIUUDzA1/wCINR8fiK2k/vwPkk15nwfHgZR5Uu38Qc3NSacZPcDzNK91P+1q9i09HIq+T0GPEFrNeZSp57VT+LcHwzxqjLnGTYTEki35jlIP+Yb9eV65diOLSUO5K9xzoGLjEyStEs51X56m5VlJL6UM7awiYwPBHEfh7PJifDrjfMcnR9TfkMTN52GuTfaNwyfcoT/mFWTB/ifzvh+WSLxA4Llj9V2zrhWU77bXw8pK9N7SX7LVDxnGogkQfmCDytv/AHoKbxEurqWjkHIqxveqepKWJKyKgk8b/NnofhHxZyvxFGnhbiPAZ/iFQM2XyFsFmI7n8rMASo/mBINtr1mYceyYHEPh8as2DxKc4sSrROPfSwBt71474nyrh7imQyzYOOPED1KyCwUg3BAO1/fnRWVeM3iBwdFHhFz6Di/I4z6cm4lwv5yIW5aHJEsZHQq9h/LXUoKStY/I/WVWz1Hi/EDV/wDqmA7Mb/3qKxfHg2/9SPkNeuIYLxi4I4jkWHN4M68MM4kVVDeVJnWUu5NrqUC4hL9SV0KBUw/DHEeNy6TMchfA8a5Ol1kzfhPEpmOHVxzR1QmVGHUFAB1NI49fqZLtF+DpMvHiAEtPf2/+GgJ+PAxLLILdLmuHwcRJiIjLHMJYySNSvqAINiPsaZPEjRsbHV81LsvA14wdpPG7tc+aNXTfnQ0vHJl2fFMvs9cem4jdRuTJfoOlCPxA528wIOoNOqJ9b2dik41KpZZrkHmDYULJx0VkuZL+3SuRrnzSvzXbrexpwZzY384Fvc2Ip04rYPSbftZ1JuNfzBIaQKt9gopY4oK7F7HubVyZs7dSTrFj1NOQ508zAr6tPW9P2jWB3xSOtniwxqLMXboRtU1k8+OzrdY20DfVe9UThzLTiYkxMyaFtcBjzqwnjJMrby8PGWYDmpsKg+S8IMYuO2dBwRgwQVZw7N13IqXGbYCFUsyRHu9iTXBc58RMZi1dknWBUBJvVHzDxTOBJZZTI/8A+4TcUFCT2zS5OuFk9Xy8Z5Vg95sREV5E3AFDT+IXC0cR87FxwueTFtq8O5z4j4zMZZGed/UbjUdjVYxXFmMlkOrFM3sDV1xRrLElyyij3bmniTwllkDTR4uLE9xE4N/61z3PfHdMVgZ8LgAPIII0ytuL9jevJknEU3SRr/Naj4onOpGxA09elaPGou0jllzPkwddbjTyscuJdb2bUbGujYbx+gfAoJI/LZexvevKx4gfS95LW5b86akzqQgNrI26Va1LaJpyWMnf+M/EVeIl1+kAcrCufnjhzE0XmHSD1FrVQf8AzTNFHYMbHbtUZPnjT6lDrq/pTRdFOk35L5jOKXQeYtmPe+9RON4vxBAIDs3vytVLlzMsp/e6SO16EfMH0ajKbDlvT90geney2HiKZXY+aUub+1PYbxGzLKWD4fGvsb3vcfpXP/2jISSGDf6hQWIzOQsbqAPeouSkFcNO06O75R+InNowseInFhydRb9a6Hkn4jZWw6rJiUc+4A/2rxzNj2BFiDTsPEUuHsFcH2NQbinlHXHtFUme118XkzFgWCLKx2cdf61YOGs/w+c59hVxq+dATYqRcEnYX9q8R5fxrNZVkmZR001dOF/FLEZZi0X8zIyqdmqHKl+3BaEpJ+49U+JeHxPDnEGCaOeZ8lknjOKhEjEJDcayi3te24FdLn8Hsrzjh6LNuGMWmbZdKmtJY2DbW57VwfI/EQcT4RYcZiFnQiwkck7fJpvg/jzirwY4ix0mQ4pMdlOKkEs2WTE6ZB1KfyuRtfltyrg9SUZVZdxjNVRYeJExHB4xUsl444Y2aS7adgLnbttVw8a87xPg3+A3I8hxsofM80w0cHkOlhFJiHMragG30gsNidxfvTPF/H/hn4h5OOIMwzKbAYHLcRDiswyX8uVx8xRxIsQjaxCsygF91AvvXlb8RHjrxB+JnjKLF4rDLlWUYBGhy3KkcumHQndibeqQ2F2ttyG3PtjPsvccnoe/COC5njS5JMgv2U1BvIJHuL39jUlnODbBTyRG2pSQdutREKsLvvcfpU+9P2nQ4RX1I9EfhzwMWAyPOMynKnVKkI1KCbaSTbr/APmmPFHK8M2KTExqEebYMF3Nv/zU7wllkmReC2WYtntLi74ghbbhjsL9DYAfaqgmPxXEWeYNNWoRyKdNr7A3rTnCWWs/gCgv2otXGeT4XgnwlyvDlhNmOMPms5sCFI9S6R0F1H2PeuWYfORgcokjQJeQWN1BP/arn40Z42ImwWH9Fo0K6Ab6T3Pa/t2rlwxGlSDZh7VzPlvDR0xiltUR2KIldiDY/FBSRAKf3d/cUdOVDE8qFmkuAqn1H3pG14RUj5QVQ9R2FDNAGFyCKNxKNEbE2v1BoR42f/iEe1qS5CONjaaVBFtxTMrnVtc0Q6EDZ7+1qYmXRyB+wpnJvaMm/kdixn5SaCVHZJEYMCpsQan+LsW2Ow8EjTa3K8zuaqzBmkRVuGJonN5J4vKjkJbSLbAbfpWXI0qo1r5A2C+Xdze3Y70JiHWVfSh+adc3cXIDdqak8yN7Ei3sKXeRezbI6Q6Wtt96ynZow0hOkfasqLlC9C5+D6M5ZjZ3cFRqPsamWzPFx7OpVetzvXLMsxGJjYJrkBHVZLW/rUsc1xUno85nI/nNh+tdj5a+lWWn+lkndnRTnhaEIEU7WuRvUdjZ8Qqh44GB/wArGxqq4fFsBZmAbrve9G4fF4h30B9Atst7D9KK5mtqho8LrAek+aYhJAsUhF7fTyP+/OozMI8+wi6lwuItbVdAQfnajZZcQ406yR/la1Btg8fI4BlLIf5iT+lF86eiseD+4hpsZnOKYFsK8j/zOd/70RDHmk5AMGlR/Of+9TUeW4gWVVYkdqdGAnYDWrAfpQ9V1SGfFRGNk+KkQpiMJE5t0IoTA8C5pluZJnGR43H8PZpGCqYvLsY+HmC9V1xsG0nqt7HqKtEeCaFC5sB701Jmq4dLIBframhyTg77Cenxv6kTieIviFmGCkHGfCmA8QMGp9OYMVwmYoo5ATQqCwHOzK1+pqBgx/B/EeJWLL8/myTHm7SZdxJCIghP8K4lAse3KzAE7VGZrx3i8Lh2jglMQtzDEVyzPcXiM6xsmJxDB5GP1d+lV9RS2jmlw/2nRsc64fFyRDGxHQ2kmNwykjsQbH7Uh8UOfnKT7G4Nc2gSTDL+7cAciP8AtepaDFPFhwb+o8yKEq/awR4ay0XUztYN5iNfmt96y00rjQLbX+qqpBP5lpHcXX+G5qew+cSY6QCUliF27W7bf70YyaLeinslcLhsRNJpbSx7aqu/D/DMzBJSsbR2vpH/AFqnZUV/MJ6ARfdL1e5c/TAYAiIlLL9JpZcl4E9BXdklisxaIflg5iVfqK2taq9m3FMOHjaNAJI0+piSL1V+IOK5MFgTiIh/i8ix6/Y1y3ifjlzAI1azEesjqetPBJshzSgl1vJP8TcaLNPIsBVASdw1UrG5tLKSxcMO2qwqs4nMjiFLKQSe5oKfMCllBuOtq6srR53ptZbLI+YGRLkb+xpg45ZWA12YdOtVwYpW3Rm+GFLSaQENYH3p0pPeB/ST2ywri3tpsD7861aTmrD/AJqjIMWHIBIHxRUmKdQCrWHY0rm1rJSPDWgphqW8gGoduVNNNcqt1ReW/ShppvzMYuSo7rQs2uO1m1/6qipOTpYG6OOR/F4v1aDe3Q32ofDYsqSrFgOgB2oLETBvqvq7DakQMEjNhqv3O9XcnFe7+RoxcvAfJiGc7FLDncUJPLqNyPtSGk0qGubdR1oeTEKelql61awP6PwxTymxtpW/W9BYhtvr39qVK0bi3mE36UGdKkrq/WhKblmzek1hiJsWUO49Xc0MZ3clr3rcyorHqe96DlYp139qRydbB16vA8ce8DAghj3o2DOXYXb0H+YHnUG0pVbkb02cQrC5BArn9S8BuL2dl8OeMZo8UuFfFMFPIEnf7iuvx51MvEmUYrGMJ8JBdTGNiym179zXkrKsykwWKjxEEhDIetdiyLjqDMYsOcTKsRjHqPMn3pXBs6YRh+49E5hlmQceZxgcuw+AbGYvEyCOCFIy7lu4AuQANyeQHOqfmeM4E4R/bsnoc5RK+Gm8v65JlOkoqnf6tr22qyfgx8XMFw5+JXC4+fLHny7F5fNlsOOm5xyH1ful5KXtYnmQoFhXn/xh4dThDxG4l8yMyQy5viZGjc7ENKzBh7EEfeopem8Dz6yxEqeY4zFcecQiPLMnknxmOl0YbA4OJpZWPZVALMae8R/Bbi3w2y+KbiPCHKnnTWuGlYeYgPLUo+n717N/8M7L8qzn8Rma4/BYaJYcs4WbTdN0llxCBiD3Kix+1Qn4qMoxXiZxrNlGXxjHY/OM6XAYWd09SxGfTc25IqBmB32ufannOSaTSOe7TTZAcd8NQcMeD3DcCgq64GBQigBULIGb+t645wViFyvM2xTRCS1/SSbGvWn4uMBhosmwGAwaMViX/EJF9hYDlv8A0rzF+Qfh/IZ8SYt2GzOOV6WeXgPC6j7jnPGmYTZtnuImxL6iTsOW3Sq8Qy8hce5o3EFpppHdgSTzIoYjRysftSZRZq9IHZHK9fknahWRte+lj3ot4/MvcH4J2ocQFb6R+tb7jJPyBYqMW9VmPY0EQGuLgfepHEIGuDb/AHoQwqqm1vvzpozSwZxfyDNEU+ptulqHkQcw5B73oiTbYUw0YBsQT70HjyK4jcJ8uQNrZhfpuamMzyfXhExay+txf1G5qIMXlsCWI9qPaWTGRBUNlHMCkbbQyREzpoG5ViepFDKwDWuoJ59aKxUZMtms47Uw0UY2tpPSprtpk5vOBDRXP8B+1ZSGFjzNZS0PbPcOGnwbm7R2cdhpvU1FPhnjsYxq6bg2rmcGaCGRQpXRzCg2qYXPSBtpLW5E1RO9nVHqXvA4yFWsV3vsTaiGlWQaECovQWtVLwuZSyqHbb2JFhRS5xJYm7ADvyqiz4G6XlFqDwqQXAvRcOOjUlQQoHKqYub67ES2HU0QubCw1G46aqRuTxVDxTSLg2aFV2QKe53pt81vtIVHsp3qstmZsbCwt0O1YsoljDbKRvz3NOlLyiUqLA2Ya0K67qeh2NQWaSOQVjBt3oZMebt+8Vrfw1GY/PfJYjWVXqNVU7G6xkR2Njxj7MqvGP4ma9qBkyl5IizOCo5KpoibMY8Q+pXKAdSaaGJile64hpD1DEBR9zSW4vsM+OMcgceAOyj0+9SUOXSMAInueo2piOXzNwvpHaisJi4lcm7e4Jpu9llUlo1JgPLIDtY/5BU/gcFDFAhWVkkI3LUHFj4HiK3t32pyKdJBeMGw7mmTdaM4YyWHJoJYA8li+n+MXtSOJ53mwDRsxVX21BrEVvAFFwtr+pvblUDxuG/ZwVZdLA3vt/Sp9neDmnClgpnGmc/k8NhMDhWVIMMoCqDysLCuc5nmglJYvdqf4qzYz4kguCRte1VPETMzG7C3auhNrNnkyhKTJGTFNfa5X53pCza2IubHvUUHcsNyB7GpCFNSD1UXN2Ujx9doMgQkdNNGBgq6dQ+9BQ4iPDr63BPStHMoQ93Oqj35Gi9QWSZwyeUvqUEnlY04k5jILqJADfSTsfbaoFsxEr+ltK/NZ+0ANgQSOpNNHkfkCa8EwcUlyTrA6AchQ0uYFCwvrHvQT4hWs2oX7g0NiJC4spZr9xWbt+5hq9oced8TISxCL0UUSsxEewF/mgIA0YPK57it2IBIbl2oycfGQqKDBKSd9vamJSJW/hPwaGEh3JkPxTBxapcagf70ja+Cbih+RgG2saadNe5UihDM7Md9ulNtLIepX70VJpVRlQ9JGpa5FB4gs7aVUbdayTEaVsW3ocuxAJbr3qTyFUIxCsgBNr9qDLsASBejsQgcAhtqClXTe97UiD1+GbSZtAPXtVg4bxevFokgLC4uncVUiCXIuNIqY4dxCwY+GzgnUOtFSitgSd7PZfhth4sN+y5I40gjLqwjT0CME72571V/HKFM8x+Yw+V5UmGndQrvrbnzJHUixqY4FxpGV4ZtQBFjq5W+KK4v4XlxOV5nnjwscFHctI7b+wLd6i5Nv2noxjcDqH/hY4DA8I5H41cd5oWWHAR4bARzNe2kJJI8a9CxJh253I71KeDuEPEPjRhBi1Yz5bl2JxiqH1AMWWNbrvyV2A+DVy4c4MyzwX/ARwhkj4df21xfioczmf8Ainlmf8wZHH8QWFUFuXpFU7gGVuHsF4i8Zzn99FhosFgUib1pq1NIw673QEAfwi/Spz7SmrxR5MI/VJeTmHjF4pT5/wAazYGZ0/KwYgoFjINgO5qmeMvFuAxGV4bL8AipGACzKLavY96pGbZmk2cviJpLXN+dV3ibNFzKZdLnQvIGnc2joUEskPiPLINiSPYcqAklRV9IPyaemmdiQCp+aaeNghvp+4pfUVD3Jgwl1qSLk0K8jBja9PumrfYD/KaS2HuL6hb53pgqLYFKrH1Ekk0yy3BJ2omRSoIB2+aFYG9gDQk15YVGtjTLdbUKyMAdVr9BeiniYi7Nb2FNTIbgiwNKpIDBZEJX1Aqemmk+obesG3MbUvER+am5JA6g2odsNINJSRiOtzvRbQrYkqxO7c/1rUkb7Emw9udOPhCVBLafcm9NNhVJA8wrbqTsa3se2FK9iDHfkCR8VlLeOK+7Lf3JrKm2rxQOi+D0PgpZZCr8o2F1Zuo7ipWC+q7SBiOQWo/CeT5tltt0AF6mMIUb1BAVXnc2pXK9npqMW9BOHMl7nUlhawPP3omNXaE+o89wdqbGJw72J2t0B5UUIkZQ1i6nqDVIScd/wV0qMVV0D1/ZRRsFo4tXmhQenOo9niw5BuEXoGvT6ZlHE3qVWBHMtcD4o4eyTUmGLMz2KamVenKtzGUxGaNgVBt6iL/pQi5tGkZ06Qp6mhP/ADCkd/MkUb7Adaol9yVSvAS+JkdPUWZgOZFiagsxmd0JIsAedPYrO2lY3C6TytzqPlxDT/w2C7/buatbSG9y2hEMTTuzqCQ3Rf4fijo8tkgTX5o0nuRf9KThCysWBAFupp5sSqj6BY9FqLk3geMn5iIYrEoAdiTzuacie8RXkP0ocSmQ2BUPa1x1/WnI5CylWYIeV6H0vRa14JDBxpGbsT6uV7kCpSLFxxAKXsR1A2qGghO2pgwHUm1EtIJbBDYjrTd0K7fksMGNTExhVkJHdhaq/wAT428csb6CoXYjc0RhRJK6lQBpNyRyNR/EUylZ1miEbeX6XHU/HSi2t0QnxvqcH4gnIxsoUlvUd+VRfmMym+xorPZAmMlOoE6u9R8OIDWJs3uKrGTejype15YXhobkaiSaM1GMWV7+xpnCMj8mAPtT8oRE9LXPxTuSrIypjLxmU/USffanRlylBqYE/JpokKL3Bv7042Y+QgVVPzzoQmm8ivjXk3Hgwh57VqSJL7NvSHxrOt7i3zTJxRZfSBeqO3oPWtDpby+bVgx4QWDAmhHxDSLYgk0LGxWTkDUW2to1SJJsbKW2UkVhxjqDsQKZ8wtbYfam52NuYt2vW9RjU1se88SqdLA0uCPDaryMAe9RcUuiQ8qeM5O1gtKpSF6p5D3ETSnR0pDonNmuKjZMY0bekgjqK1FjlYk3HwDRblLCMoxXgOIicbbD3piRY1Btzpo4hV35g0y2JTUdLAnrep1LyH2mnjJNwTQ2L9Kbepu1ENMrAAtY9KYe0gO4v2pW5Goi2kVGJclW7Gn8vxejFRlQLg3vahcTdHOog26AU1HIIpV9XM0yi/IKyervD/iiN8kw7BxqAsy35V6Wyc4Pjz8MuZ5KjLLxDic2wuEgjY6tSPi4gDZedgTt8V8+uE+J58oIjD3ibmtexPwNcUYHOvHDJsDmd5cpwkGIzOdGI8sPGn7rVf8AzlSO5FPwzcJ5WDqb41x/c9a/jMzeHLMs4F4cwEEX5TLLtiMWii0apF5aRrtte5J5bLXBfEPNf/K/gXgZFxEWGxOeySYhZPLZWkgGw9O9jZk57k72AtXQvxc+JWXZ/HlWWZGSsTY1mxuLk9TzFgVjgBFjbUwAC7mwvvz5B+M+VsnyThDI8K6xphMIYpyFBAZVQKgP8I2YgDfv7801Jz8UcW6PI2ZZmuIlYLqCqdiRvUNNKRJcDWKccsJG82VSfihJSWYgGw9qe6wdSpmGdyT6bW9+VNTYmQg3Ja/Um9b8lD/xNN/5qHnhCHZwb9jWujUYcZcWAtTJxG5Fj81sxEHp83pmUNfSCAaXs5eBXaNtitPMG1MtP67rcX60phY2Vl+DzpBBU3sLUHfwBKzTyWG5pmVlVRdTb3p52JG2n7mhpA7k3YADpWjd5GaoHkMeoANa/Qb0p2RCq6iD7Vt1NgdG/wAU3IhZwWa1uW9VegUalb0kAn5vQxK7aprntRUsUjLbbfsaBxCaNnYFh0qPVXgGfI28g1Gw1DuTWVgjIAuB9qykfHL5N2h8/wCT0thcT50QaQkED0rqJAozD4x1jKg6va9rVUMPnzEhF+nuakYsdGDcTBieaqKHWW1E9NRvKyT8EiBiXbQT1JrBmA1GMzSBb7CxsaillV1sWBHv0pLhJW/xtOnkAK0ZSvSLwurSJV8zZH0rIrKvR7U3ic9CxXuv2O1QpjA1azfsTTDQIo2vIPiqOSeCcpPyScmZrIvmXB9qQcYs1iwNh0oIRRPGNIN+1600IQAsGt7UIx+FQq7eHQV5sbNdF5dKZx2aKgC+pT8861oAF12HetRomInVWUNbqRQfZD9n5f8AAfgJS6Kx69Q1SCyFFsNbg9edCR4aOMjSbH3ou6gb6iRyIG1ZdnpFIR7PKH1wYKgsGUne52oiHClSNRBFMwNqQagxPQg3ohEVt5H01b3VQJcefpCAgivpBUsOYorB4IOA2ggjrqIvSI8LCYd5ZCDy1Cwp2LHR4QBYgdXcm4qPV3bdBlFJElhopYdl5d2/61BcVa2SQFU9SkEKb0W+Za1/4hud+xqOzhRPhJDa23KrqcWqOaSi0cF4kiEGMdNHXnQSQM0QKiwqV4wR4sSx02F6icFibgK5Nuwq6kmjypR9wbh4jFDq/WkvMAbA3HY060iOLElRQ4iVTcOan7mUpDL4mQGwBpueZmj2Nj13ouTDA2Orf2pJhUi1tVHRKSoivNJNwSKIjPo1arH5opcJGnQ3PQjatmEE9FHxTKVaMl8jAkW24N+9Ngq5azb05iGihG5N/amI1BN7nf7UjtvI1ILgYg7g2HvTc59RItenRCRYXOmmpI1BNmNLlFaTRHS3D3JsPan4ZBpvYmtTDa2//WmI5RFsb7962fInStC2jZ2JA263pMcKwksulCedhRMZDj0Wv80vyZAfVYA+1G1pG6yBTHqW+qwps4VG+pvvej/INrE7Vv8ALRCE3Pq70HZnGiKcCEabhrdzSHBfc3Ue1SH5KFxc+ukTwpGps1valo1P5IPGWVSSDb5oFX1MNiRflepHFwFybpt81GliZQqgg3tRQW35ZZcslCBRq+1ew/wHZhg8PxfxnmOIh/cZfkBQkIXCPJIPUCSbNaM9N/6V42wWH8lVJ517d/ATw9jMdwT4l5thoI7uIMAk7X9JVGYm1jqNpNgNwevKgm72S5ZxULs6gvGC8eeK/DsubR4bJ+D8ilkx8seqxlkjQmNpD9THXpst7exrkH4keKsZ4x8cpLgZlbAwqY8Oqfu4zv8AUQbeojqfgVMeJmRnJ8d5SQzoABeWXWNTdbFufz81zXHTwRKbuEfqBc1z8vJyN+1WW4VxJXIjYPAHiTHxiVRhAvW86kj9KrvFfhhjOEkBxrQsx3CRuSbd+QqXn4whwAbVjGjI7EiqbxFxeuZsxmx+oWsNbEm1LGU5bVHU3DaaZVcwzNMFIU0SG3aoubizCRbGGUe+micTNBJJtIjgnvTTQwubEL9qqkcsmvAwnFeD5u8gB7qTWHiPLtW03P8AmBrJ8HFb6FZfig5cBhpTYxL9qb2rZstBX7ewJf04hB7k2pYzvBvcNPGfvUQ2S4MMfQT7XqJx+DSFzoFhTpJ6BktjZjhbWE0Yv70z+fwymzzqfk1S/WpsDWm35kmg4vyFN0XU5lhdw0yAdN7UO+NwaPf8wvwGvVQv9zWG/ak6P5BvZbZMwwq7/mBb23oWXOMCDdSzMOumq7YWrOVOlRseCe/bcLbnVf2rKgdvf9Kyp9EbHweiIsOiD1AavajYP3bqqxi/c7VHYfGAqQrKoHYb0SMxYjT6QB/GRc1NST+o9iMnWyZEoZgrHSOwFODDgMdA372qNizGJhp3jbqw60VDmMULamk9J7mk8+1iyle8BsWHd20qrSE9F50WIEVQNBU9QRQIzeN9owp7G9OPmgMWliAx5DnXRGMXljKUVtheKw8IgJVd/wDLUYhQGzh9+V6cE7OVaysOoU6ae0pcC7Et0FN17KkZO37f9/yDOFBNiR79qZXDl2uAX9+VSuIwjNHZVG46nelZblbRpeSVSD/DzpaUSqjD4N4SDSAhXc9SaNjwVmUHTvzsOVG4ZY4ltpFu4NzSjHrZmRvSPe1LSfwG5J+00mGhhSxJYH+VbUqWKJovTew6NtWkcaDcDV7G9NLAApB16fck/wB6aUpR0BTk37h9BC8OgSGMczY7XrSLCy2W9xyN+dDxxojEaQO2o0R+YCkAhTbvtS9uRlGlRkTyiQgKzL+tN4yIiLSW0hudO/tCKKMnRcnpqqB4jziKHCPJqKm3Ik0ttvFHM4tP/wCFf4y4LfMMpxGLhaBhApdryqrW9gTc1ybA4ZziiATde9WnGFMZrmdw7c7EmonDvpnNlK78xXR3ejz+WGfcaa7MVvYjmDWRgA8r09iysgsQQfY/9qj3kdNlYN8ijbI0g/UALAbVsoGW4ao5Z5ShGgEUuKd1U64lI6bkWoqNsGgjy7bl7ChMTiFQ2VtRpBYuxDEKD2vTZiSN+/vajoXFm0geZgx5dt70UiJ15j7UxJiQqfu2BbtqoKXEYjVq1rb+Wkf2GdLRLechFjf7Ul2RQSC1/mo/D4p7XLX+KyfEs+wYj3oO6N2dDzMkt7Lb3od8LsSCb/5qAleV2skhFvenoJmjW0kgkH9qVMXsYrOj6VIFExYyRbCUFh/loaeVZXXoOm9PI9+oI9zVU15Q9Xph5x+FC20yX+KYfMFP+HG+n3FD/mI1uALe5NOLOrHlv78qDnekLVDcmIlP0Cw96bMTO2pyT7Xp8gE8h9qYl0m/rItzANSTk9oZA+JtoI/2qJkBjlBC3HUmpabSIiwOq1RsjKzi5uO3Oj3oel8khhZg5WxAI6Xr3R+BvjLLuHPDLiDKMK+IxHFeZ5iZRBr8qCKJUCpZvfck2vsK8KYHTqJBG1dl8BPEfCcG588WNtDh8VpU4gH/AAyL2PxueVK+SSVxBP8ATx5F7tHuDN/AXiDjbFLiM5zfAZcjXYxwtJiD7blVqieIv4bsDkkAOH4ow0EoUlhPhr6vgBwamcF4yMuDU5VxDDmcDD/CeRXKH/8A0P1qgcV8cxZlinlxcyNITv8AvP8Aa9cf9VO6aHUcUcM8QOB8TkeGlkOJhxqhtmhQi472J2riGeQYgSFyCBXp/izH4XMsqlUmMr7NY15v43zDCxSth4XYtfftXXDlc1k53B3lYKwJXT1H0t7Ug5hi431pM4+9aRAnqZm/WmvLEzmxW3cnerXSwaorwFpn2NS9pdX2vT37axh0lmDH/TQKQKpG5PxTswTuF+aVOwBEucYp7sWA9rUBNjZMQ3rIP2tWnPmGwK7daQ6tbcg01vVGx4YgkargafvWmF/f5ratbnY1uQAHY3FBt6CIt7Vg5/8AasrR/SjsIr+laNYCNNjWaTpvb70UmYyw7j9aytCsrUaztceO1b2JY7ACiYMcYGKSRC453G4qqYXGoTpIP96NkxIRRa5+K4qT8ZPVrtnBOy5guqyqB7k0qHEq31kNVehxQPNr/Aog4tWFlDGlaaeQpL97TLNhMbEjWClfvUimYQuANLFh1qjQ5gyPb+5oyDMf3mxufYU1XofjnxrCRf8AB4nDMNiNfuKksPi4EeybnveqFh87aKPcA+43o5M8TyvX6W6FKouNfJftBF8XGRs3TfmWozDNDzFvtexrn2E4g1NYG6+4qchznyYwfSD0uN6zjWshuLWyzrMC5KqFA7USs0bLuwHwaqEvEIiFy3rPtegcRn2gagRqPUb08W4qooyg3lP+C9tjFw4BDbd6a/afmXVZFB6XFc5l4leQhBIFN+tHYbN2YAM5B7ipSjK7ZOUG8WW3FYyNSNYDN3HKm2lDAMAGX32tUKuOSdCNWo9zTkGKMYIsZVFBL5YFCvIeVVFJ1HSf4b8qr/Fu2C2uV7kVIPm4LBSqrfvTOYPHmGDkiYix6U7T8juKWTnbsFiOlfvQOH0/meRNG5lE2Hd4ytgDUQmI8uYLewrRijl5ZWgnEuiyHmKHkKje537Vkr3cgm9NSAc7G4roR51/YWZRGB6fvTUmIRQD096alDPyY2oawH13/Wi5LQryF+ar7i1vmlh10+ofcUCJUj52C+5pv85G7WVvtQSAkgtlid+n6Vp4lB9I2poEMbixrCmm5Fxem6jUO6dZ0g297VjqY9juKaSUg20n5pRYsOtK43sFUNMBuLaW9xTLKALNv8U5NspOg370MJFYXZTq70FGtB/IuVwi7NselqShGnUF0+9rU3LImnVs1uluVR82Oa/L0X7Vn8MGCVEqMLXGrsacD+XYF7VEQTo730ijGOpui1Ol+QpokVkDDc7ULKiB9S3PwKXGAqrYi/YUqTSIzqtb3p8JZNaBHkLRk6So71HvInmEi/6VKTsvlXQ3t0qKkRXbUUC+3ep0m8DpyegiCVb3uQPipvLcdFC9yus26G1V1Z0gQnl7U1h8wvi1NiN+lMoye0UfJSo6HgsweN9YZk7DrUnhs1dsQrMZHB/zXquwEyRq2q+3WjcPiPLcarADqaT26Hj2a2WifGSiLzFkO4tpY1yzizKMT+dOI8ssrdVF6ukmcI7Bbg29qxsfAVu+9+hpqUciy6vDOZGKRwI3jcHuVrI8DIrgqjOPirriJo/NNhdT/KL0hMUl7FSB7ijHlp6/yRcI+GVE5fM7m2He3waafKsSAWMb/Fr1dkaNiTuB8UxiP3l9JpnyP4B0+5S/yMw28pr/ABWNgsQo/wAGS3+k1cMOTexGodWp/wBKA3/Q0FK9oZ8VK0yieU6/VGR8ittFY3sQKu0Sxyy2MYYe4pOY4LCsthAoI6gWo39jndplHIHQ/rWKFB39VSeMSKNiEUc+lKwvl6lNlP2rWZSbGcJk+JxzARYd3B/iANqtmUcDQRgHHMWvzUGrBwzi4mwgQqlx1NO4llM5deXsadOtIRuViYeDsjMY04VCP8xN6yio8WyLZTcVlbBFqRXVjQEBFJ9xTzKigqLEnnfnQ8DhN15fNPfmFfpY9yK4bS2e4lYqJUKgBbUq4iJAa6noabE6LsdvcCtpIGNx6vit3itjUxW4a+1j0FOKTouNNuwoYyLvfn71uOUKCLgHteineh66+QuLEhENxc9r0/h8WgXdST2JqPSUgMdNLScKCSoA7mn7hXJH5JqPHiJbBQPbnTyZi7LZdh1vUBBiBqOkXv3on84Lgf2NZSvQtK7TJtcc7DmAR/WnIJNZN1YX57momHEajsBRSYxW+q9+woW/J2RnQYuEh8wnQSTyJpyPCFWIJFj7mkYTFAciLe9EnEqzbb1JyGbjIcieKAhWMo9k3FSsWNwzaRpnAtzVb/70DAIhu5Bv709Fi4on0hdj2FNFPZNRd4JARYWQ6nEx9ggJ/uKe/wDRAsqx4lt9iUAuP12pmPMoUJUCx7miUx2pBdyB/SmTbeC6TSwyE4h4eXMIf/S4WcP1dyBf7CqBmGWTZbKVmjZSD1rrq5mE2NmUd6HzL8rm8PlPDGx6NblVba2cnLBvwcdJUsTtY9OtaJAYG5A7VO8RcL/sxy6NqiPYcqr9xawFvmnz4PLlHq/cbKoSTdmNDui2uf0NOLKCTquKxnXRawNa2hWlWwKXDRytYj9aVhsBEjXAJb3olbdV3rYaxo+7wJRs4dja9h960qlGIP8AU0pm3up3ra2NyQL1lL5GpmtCnmf0pYQAXAH3O9Nki+yikMxB5Gg5xDdbNNGASb7HoaDkwpLk6jpo0NY77+1NPKrEixW36Ud6EuiPkgYE6msO9Nvh0Fr+od6OZVk5uLdiL026JpIC/eg3LyDACI4wwC2+1FxYZCLtuPmkqhO7aRbrS9ShSC9/akfyMsm2Cxt6QCB1BpJkRELJYt2JvW1KaCSot7UOGVvj5oJtj0vJnmixZ7g+5FqCxGNh7lm9hTeY4tSdEY26mo4frTKK3Qsn8CncOxNYraHDAbg3pJ53rVjVuzJFiwfEywoFdWHxREmfxyEFXBB6Md6q3SstUnG8le7rJaFzFZDYE27g09+dAuhYgdL1UeXK9OLiZQfrN/eh0b8hjNJljTGOHKvsDy2p1sfGuw1Fh0quLjnH1eqnlx689JU9xQporcX5Jw4+6HY29zQ8WKUPdk271HLjFPzTjTiTkN6zk1oKj8Mm4ZomICN9gadxKpovcg/pULhp7SgaTf2o44y50lb9r1Ps2Fw/2zIcaYJlUtcd71IYyZZIbl9BqBMrCe90XfqKLkkiEVywZrc7U6bW2csouyPxrJewQt73vQjPvYADuKViJ1diLfe9DpIof/rTpsyX3LLkONMYALMo7d6tsTriIhv9r1z2DFpABb6hyvVtyXEDFRq11996NvyTnjZYMPlkhjBUkD2rKLhxKRxKp/vWUlP5OftAqQZVYDTcdaIKqyBgbD2ppYV7kN7mnogYhtdu+9S9SMtHt9fJrQklh07WrckJj9Iso7XrZ0N/lPxWvNW4BNj3qV5yx8PFDMQCsbgt7GlFPMkBCqCP6U4SS9k0/IsKdMTAXsNXuavGXwbqxCBlBBXfuKbkQ2+ksPmjI4iNySPgUh9AJNt/0psML415GIVU9GFEKiqNwLVqNwCRuVPtSlAN7HSncmpN067AXaI+E0qNIAHcU5C5tcjf5phGU8msOw3rZco4szMp7C1UUsYkO68oPjkFrsLH2oyCawvsbd6io3DMAbqffej49JIB3pbrZWEbWA+KfX6rqPY0XFOskbEqAfao1dER3IF6XqZBeNwQedqCp6A+11skkdRHdE1N7HlRPmeXGpc3Pa9RELEi5Nm+acbGBObX+1Tx8lVDFyx/wSi4gyAgkBexrZnWNNYAPwKifzwHUNf2tTjYs+WbSAd1rJRvLC5RWEPYtxiYHVkDA96oGYwiKZhost6uEmJ0RMfNaxoBosPLhz5i3vvc1eMupw8ivRUSyjfl8U06hmvc396NzHBukt4x+66WF6B8z1EHkOdVu82cEo/Iq1971tNIFgbVpJdQI+kd6waWJJufelTvyZRSQ4VA6n7VtW2sAT7E02DcbNy9qWHuL/2p9CmB7NyNj0pXm2uAoocyerc/e9Y0una5t3tS+2TBYt7jfTtTUzhh3PY0t5lZRuTSVkUbKLVTQysbR7gDTWiDquTp+2xpbvZgWa32plnvY3vfsKNsKsyXSw+m9vah9QkJ0qR3tS5Fe4AYj3Y7Vox7XuSf8pqUqew1WWMhdBsoD3pMpEVyYzf2FGwYMNMBqPwOdSz5eFh3U3/WtGSWEbeiizSRmUlo2t25U2ZIlN0i/wDcatk+XQqp1WJ9xUbiMJA17x2A7Ct2XyZwZAs5Y3/tSdXtRzYDUSVUqtb/AGeLb3BpnKK8gXHJ6AL1lFSYJlO1z9q1+RYnnb52rKSD6UvgG+9ORR+Y4AohMEVdQxvUnBgo0sQLN/StKaoaPDK8gUWDQEl/0tTn5dQDZQV9hUkYVJvdSR7VsKLECMtf32rnb+500l4IzyYTzX9KdXDxp1t9qOGHMZBUA+xpbKpG6sSehpkk/IaXwACDnb1A08gVQfSCBTi4YkkGyrWikcRtpLnuDR1/v/oWmtojsRIDLYJp96ddw0WnSDbqTTOY6A4KuQO1NxuiAavUD1NNSZzStaBp13+m3xSUsOa3+aXiHBclbhabVt96bLRPC8BcCCQgEaT3q65Johw63AYDtVD84mQaZCvvapfBY54UARxIe5plLrtk5u9l4fGNfZAR71lV5MyxkiggED4rKT1YkOkP7WScYCoDqv8ANPRhQdQI3oaGRLWO57Gn9Sgb3+wrk7Wz3IyivAuaGw1arE9KbQLIbaNNuttqwkMAQNQ5EGsJVCLqQOljR/A7kvg1JqEvIEDqBaiYp1Fg6lrdhSfLVl2JJ7CtSXhAt6T70F2bpMKb3QYJ4itidHtahpZwLgLf3oaScXuw270ZB5U0X0lfij7tIfLGIpNT2PKiNEa7W2rRgWNuf/tplpArWs1u9N7n4E7w0x5XN7KBb4paSgG1DecI22B360mScqfpO/UUHGRROCLNk2Bw+ZalZ/Kl/hJ5UrH5U2FUs8qKRyGrc1WkxEkbArrQ9wbUpsYWJLksetzRcZJB7rwSX5sBrWF+5pbY3Tz3PtUH5zFidJtWGVgNRFh2oVL9xlytaJ1MyXqdzW3xClL6gtQwbzF1KSPml+aSADvSdY3g0uV+USUWI1XuSfe1OCW5Ft6jYpASBYg/NP3s1rEW7VSn5Jxmn4DsQy+X6idulqTHCMRENwijvzqNOJMpKi/vRAxGiMARkkda3X4A5J+AlsKjKVCWHv1qCzHKGUM8VvcGpqGRmW+klu1KGEkxKsoUkt0FBWtsEoxaspgUr9e1q2QCOZFJzWGbAYySNx5ZB5Ec6EXEgk3FzVsLycN5yg0C3Jgx962CVBvagVx68vVf4rJMeAfpIrJt6Zm4vQcyhx0vSDa4Ui1CDFqwAVd+7U2MY0bnVuKNOIKRIErawF6SXjAsVIPcCgUxlydI+5rJMYb2A1f6ay+5F5DWe62G49xSW0Kv0AW61FtiZGJO6jtesZ/QCCymhK1oopUg4SoRYEAnpatGYoCpG/e1BK4NtQue9JkkAFtzfrQSk1kylfgnMhSLE41RM4RSfqNWrM8ow8IU4bFLKpG+9UXJGV8WqyX0E2JFWTHYRMGfMictH7ig5OPgqkvAtsujJuXU/G9DYrLfLF9S6T0FKw8y4nddSj2okqrsBICy96liWjoST2iIOFHIAAfFNvg1uAoW3U1KzwQxtsSw7WpDpGN7WqbUo7RdRX2I5sAjLyFvYUwcEoNhGCOpNShj3JC6l+KZmUj6l2PelU2vIkml4AxhobWI/pvS0jRTZQdPxTqC4sAAO9adii2sT8CnedM1piJFVrAxi3ekmNFOw39qUqkAndWPekF3HS9LV+TYQvSH+K2yqwuRTXmkOLqbfFJeVegN+l9qyTTwSlRkqC4sLj4pJkTzLCM3+Kbknc+nRbvY703JiFFvRpYe1XfZLJROlsj83Sz72XfbagEcRjc6vapHMykkdyp1971EglTVoW0cPIs2OTTGSwGwHSmvvWVlh2qqRLDFiwFwf1FPxYphawAt7UOWBAFrWpauojt/tQf3A6ZNRY66C8pHxWVFJKFW2k/pWVBwZG/9/wBZeVgS4OoEnpTigB/ot/mJoJJgQOV+1PowYcvUe9Tk5JbPZ9OEs0GRuFJ0oG+9L1RkrdgL9KAkVlUXsPikowe4FTT5EhU4xdMkZJ1h2Fj2pl8RqN2b7GmNWkBSbnpetub7XG9N1k1kdSj4Q8GisbadR6A06JzEBZhUbJEsdyFue1OwrqjBC6aNNDRk28IkVxCne4J7GkmZDIOX2G1CMVRPpN+9JVnQbEC/eikxm1+Q2SaMc2X4tYVpGQMGDqR/LahY2569Or2NJILObqLdN6PXt5HSJ45nhpIl8wKCOVhQeIxsWIBCQrt/EBUdpBIVkIPtWzBo53A7UlST2GTbwqFLJe4FrDuDTutCoDKSfblQ8K+ZfTsvuaXKtha1/mmTzdkG5IIRwi7FV7XpzzLC7tf4FAKrggch708q6SeRHYVnJt6Cg5JYtIAI26kU1ip0KaRI2rtTLOCouoHsaZY6pQAt6d20Sk18BWEdUt6d/ej0xMStfT9r0Xw5wLnnFeIWHKcpxePmJA0YdC1r9+33rs2R/hFzl8GuJ4jzfLeHAf8AgYmYNMP+UHajCE2Ipca2zj2Amw8rDUjKL78r1K5lmkMGGVcMiLGBz63r0twz+HXwq4ayibEcT8Ws+KVGMUUbiNZmsdKjmdz8VxvxNwvBnB3Cc2MVWbOMUqSYfLxNrOGBtcOb7kb1WXDyrNoWXJFqkmcE4plbFYzzpJdbHa7VANGHGzAE9qU+YvjpXZgDcki9J84HYKAe4FKpOOGc1ZxgWqmFd1v700LyEnpS3s5G4v7Gt+ZZbWtbtRU2F/cZkJRhZCw73oiNBIuptqHaUI+63pRl1bjYdVttTvsxUmhxSASqgGkyny2GgWJ/Smg+prKgHvet/Tzvf35VvyxnkwWuSXBPa1Z5hVrkemkELyFr+9J16BYXt3pW6FcUPEh91BHvSZVbkrhR702JBILWNaWQpf07djU7fhjJJbJTINIzLDxu3pkcID0uT1r0dnv4c+J4uGEzzL8EmOy3QGM2FnSQH4UG/wDSvLkUoVtQBB+eVdY8PvGjN+HsNFgziGlw0ewidtrdqtCKl9Qba0yFxGDlyqZ1mieCcGxjlQqf60lsx1La36iuwQ+L+Q8R5ngouKsjw+Z5SG9UZJDpfqpBBFXjjXgjwRx+WYWfJBNl2NxNlEcOKdyl+pVmIrS4VL6WMuWjy4ZCrl73B6GkOV+pWNj716Tzb8G02R5eMyzPjLKcBgpwDh1dHaU3F7Oo5fNc+zb8NHHUEuvLMgxGf4Y/RiMqtMrjobX1D9KlLg5NRQYfqIN02cqEp3F7D5pDMWO5B/1GpriPhHOuEMYMJnuT4zJ8SRcQ42BonI7gEbiod3AsAgvXO4ckMM6HJS8pjerRswU35AVqSQR7kafasJtciy39qSQLb2b5rdvgZOK2xF/M3O46b02k2mQrb08+ppcsyE6WG/tTEhWNSVPqPenim3lm7WKM+vZQKZuGexI2PWkKEA1SMQewptmCSnQbDsaLim8Emr8D0rgteNrEcxahJZGle5a5HW9bZ7KwO4Pah9SoLlTasrXk3t8jOL1ON+VBSIEawuaIlkUvdTtTMhLt/N2q8Wznml4QgfFZWG46W+awbneqEqMvfmb0pQDyNEJh4mQHe/ekiFdY0350t2ZxZM4PFYcYdRJGpYdbVlNQxwmMWYVlc9Mh1fyToPlkEBSTzF6eJ2BtSIowN269Kc8qPTYuSD/De1qSS7PZ7CpaZtGVwTY/c1uNVYNpspHem3MaEBC1qSz6GBAuD3qbi4+GByV0KeRi1iQxv0p24UcmY/G1Cuoc69LKewrTTCNRsVHuaolLf+/yOpIeLLISCQD0Nq0JBBtzP96QrqhvYG/W9DPKWlsGvTxSnsZV8huvzVu2w7XpLT+WAL2HuaZtqA1H7ClGKAWYAMR3NZ+38GTTf+/+AgTKBfY+/OsGIMVioUGmyyW06QB3ArAoA9F2+ahKSesBcn4JFc906f3EZe31UPLjnmYswFjQow7l76P1NhShEwfcA/eqRuvqHUq0zSYgC4JbnT6Ob7MT80OYlDbXC0fgsumxcscWHikxEshCqkalmYnkABzNX6t6Ykp1sT511ttSixjXULAD+bYV6X8L/wABHHnFEGHzXihcNwTkUgWQvmkv/rHQi90gW5B6WkKH2q9YlfBH8OeZCPA8OHjbiLDH/wC4Z3L5kaNbmkVtHPuL+9aPBN5kc0v1HiLs4J4Xfh2488VYkxWX5LJhcmJs2a479xhlFr3DNuw/0g1Zsy4H8PfCHj7AYDNsx/8AOLwYZpcfFgzpgSfVZYgbXYWuSbgiw23o7xb/ABecY+IMU2C/NLhssb0rhsOuhQvYi5rz1jMwxGJxTTSMS53JvV+sYrC/7E7S/cz0dmX4ncdgcO2W8LYODh/LTdRDholDMp5Ata/9atHAGWZYuVPxPx+VxmBxCiSLL5W0mW++ttuXtXm7gXiHKMmzmPF53gGzDDoDaJWtduhpfiR4hNxXnLTYdpYsIVCJC7E6AByoK92b1awkdo8ZOOeFeKMu83hKeLK48HGB+TkkILW2sl/boO1eWOL+JGzC6OCWGxLdaIbEutxq2PY1A8QpqiDgX7mjKTl4OeWckRhcQI2II59TRyTnSeR9hUOraWBqQgkJANt/ekdLaNFsIaUWH0296Qxt9J29qx51JC6B73rHYXFtu1+VSWdD0zaSqq+sf1pxZlG+xXtQbyXf1eq3anlCsBcH7UzdC0vIRqBswAApJYi5U3FDl7EhLisXEG1ioNHqmrM2loW8hWxK7Uhn12YDbtWGSNiLhrjoDtWtRB22HuKyV+AqttDqECzD036XpEr2f0+ommZrLta9+vStrJpT6R72pXFLKDvwLeTTHuqk/wBqTBjvJlUi3vTMhQ/5h7mh3YM2wCijFCdqwXCHHFoQwFwel6KwGd4jLMbDiItQeNg69QCDcVCZU6SQBdZv7URiFN9jYex51RJhpvyXfPPFjPeJcVF+0cwmxCpsELkAD4rtfDf4w804O4Shy/K0EWNUWM0iKf8AvXlaPT5g1bN3BtSpZP3gJe4H3q0ZOODOC/J9BfADxei8Z5MTDx1g8FxBl0Z1yDNII5IVP8IswO9Z4yZR+H3NMyhy6DhzD5PNYq2NyBhhfJ356ANDn/UprxVw5xnj8ky+TC4HEvDFNu4ja2r9Pk0/Bmc+Kx8TM7ySs4VUIJLEmwAHM3NUXO3S/kRQWz21lX/htcN8eZFFmXC/iHi4oZE1j9o4GPEHfcf4bRivO/iz+Ebi3wzxuKTDtDxLgsNvJPlykOote7xEkqPgn5r3D4S57jfCjwjw4zBGhzGaPW2FilD+X6QNAJt/8POuWcPeJWY4/ip8V5DiWa6rG5swJINx0J2q7hGa0aMpQ3Kz59YiGZJnjEZV0NmU7FT70LP5ib+WNVfYmDw8y3xAy9ZOKOFcpzAFbE47BRuxHywrnfFv4LfBjNxIzZVLw/O+/mZZjmQL8IxZP/61zy/Spfu/7Mv1F7R8t4pmdW1qD7Xpp5GCkGJBfsa9s8Yf+H7lkomfhTjtHAN48PmuFBv7GSIj9dFcZ40/Bf4ncKwNNBlkHEOEVSzSZPiBLYf6GCuT7KprmnwTWYqzojzw8s4AzaL6VB7jnTEgIF1ax7GpbPuG834axf5bNcpx+VTncR47DPAx+AwBqMaJdtQ/SoNOOGjOfb6WMFW0j0C/tWE6N2j3p0lQ23L2NIxBiRdwxb5rJ2C/uCYghnuBb2rIFUt6v0pDHUbjl804vpUEi4q2kRxYW0qxIAFBWnkxClRaFRbrUe0pYWA27VglKckqfX7D4+SXDLYch7VlBxYh2QE6R7VlJ7iL3stiLp6G3c0ospsbkn3odMWE+r6egrX5vU3L7AE1BqPlnoUtJD3mC5uefYVjEJY8weV6yOcNva1u9abExlioUg1lIqor8CDdm5gnsDWOVQbm57HesE4DdA3S3I1t5SRubE9QKLa3ZqYz5HmG6tb2vtS3w5RfVc/FLMqqlzYHuaaaYiwBLfamXJWButLK/wAmIArAKbX706oW5vpJppZbDcBfbnW9lsw2PY1nKD8/4GUMD6oQbn+9Z5VzqJv7CncIjYlwpZFBrtfhL+E3jDxZ8jHYWJco4fbds5zG8cGm++gfVIef0i225FWhxznpk5dIHEVuqnSAo58+VX3wy8DeN/F3E6OFshxWaxg6WxSp5eGQ/wCaZrLf2uT7V7M4L8I/AbwEhM+fTLxvnyMNWJzSNfy0ZI5RwD0293Ln3FdXfxyw/HWR/kuEc+y/Jwi+VFAYgigW2CgEAV2cfBFfWzllyyS7Ri6POvDn4BMo4XwaY3xM47wmXqq6ny3JSvmj2M8vpH2T71cn8bvCnwHypoPDrhPB4TMI0aP9oynzcVL31TtdiDzte3YCuS+NPAPi9JjZ8ViHfNcGzErNgJvM1L7qLEfG/wA15sztc0wmJaHMI5oJl+pJlKsPsd6vKLisKkQ9WPJuVs7txf8Aiuz7jDMJJMXjMQkLG5ijmbTbt3tXG+KuIEzfHPPE7AMb2aqwMSFJF2vTLy9fqrlbbwzUk7QVLPq5MR70zJKQBbffpWh+9UBRa/Sty4WVNIVDY9bUqil5KWYJQWuSPg1qUatxuO5pyTDmFbyMF/vQUk66tIuRQaXyLgw6dJ0jemZsP52HZPqv1PSlM3li+ofAFJw8iyliDYimwgMqE8RhlZDuQacw0hBIuPvUlnmDv++RRt9RFQ8baWv/ALUGk9CJ0SJKMN92rLgAcv60zHiVXlv9qWJ1Nzbb3qSLpLdjhiDC/wDY1gUEen6vc00Z9Q+o27CtiYJuCSKawez4FSKbWLA0lQhUEHcdDetNKCb2Nu9aaZIx9Jv71l+QOvgU0qoeY+1JMg0cjTYlGrUCo7ittMrG+kW62o9VWzK0LLh1Hq0jve9Muemq/vWO8YtpFh770h5AzctqRbG7CtKG3qApDqqmwa/vSSbt7Vm3anyTb+xNZIUMdtW9G4nDamuzbdr1G5HMqM4IN+4qVnxGtDoX5N6ykgxdjCwx6SyixHekqCWA2APcUkC6amJ/WthwwFtNu9BziO0SCTJhUsRY97V1HwHzrhnKeK4M0z+F8c+FYSYXDKL3kB+o/HSuOTzW63P61LcPZwcqBkUlZOjA71SEld2B8drJ7p4m/Gbwn6Y5eGp8XJH0llAvUfB+Ozh/LYr5bwpFh5wNmlIax/3rxRj8zlzJ2l8039xQ8Tkmxt9utWfNLxIRR4ljqep+PvxzcXcW5fLhIVgy9HFr4cm4HtsK4bL4wcUfmWmTOcWHY3IWY2/S9qorzm5UAgjpemsRiR6fQpYd+dcrUpO2ytYwkdlyv8R/E2FRFmzB5yNtTNvVnyv8VvEmDIH5rWo6ltLfG1q83rIJPUPRbvT5xOqP0g6h1plLr5Ep6R6on/FRBxFhhg+I8twmeYI88PjoVmS/ezXqpZrkHg/4gTPMoxfCeLka98DJqhv/APxvcAX6KRXn98SSCNJv3BrUWNkiI9TKwrojy+JOxPTd2dH4i/DnneGhfE8PYmDifCAagcEf3wX3jJuT/pvXLcblOKwMrw4mGSCVDZklQqwPUEHcVbcm8QMwyWRHgxUuHZeRRyKvQ8Wcu4vgXDcV5TBnCgWGLtoxK/8AOLE/BuPallGEvpwButo4JIoVrXuR7UkNbbmK63xP4R5fm2FkzHg/NExseon9m4whMSq2/hJsH69FO3KuVY3AYjLsQ0GKgeCZdmSRbEVPq0KmnoZPK4P2rRPvWfG1a3pfyFtihI1vq/rWVgHvWVvaCy1JdpAgt7k0WVRAbtb4oRcSiEEaQeoIp1sVHKw0Nv7C9q4ZyUvlHpx+4RCt9jcjoSKx4tzYgW5350gS3T6wRS4ZBa5sSfihHqvqY6je3QyIdbm6Aj32p0xE/UCo6U3JiUjLA3PtSWx6xALpJvyqjmkvahkl8jjop3a5tSS+pbaLDudqaOYgIQVuewonARy4+SKOKNnldgqooJZieQA6mg4ueTNpeRMCNIBcAVd/DXwe4p8Wc2OXcM5Z+dlUgzYiVvLgw6/zSSHYD25noCa7n4Qfg9kxeEizvxIfFZPl2zxZLh/Ti8SOfrYX8pT2Hq3/AITXdeJPETDcEcOplmRZXhuFuH8MlkggQRX6XJB9RO253J5kmuzh/R3mZxcnP4hspvAvgH4a+BGETH8V43C8Z8XRL5gw8ikYKBxvpSNt5CDyZx/yioPxH/FdjsxE2FijEGGUaY4oyQFAFgLDlVUz7jRuJkxEkWCkdP4sXOxSIe5Y7VyLiePJcMZC+bjHYg31R4KP92D/AK25/pXbJRjGoM5l2eZFfz/ijF5zj5ppcQ8mtidze1DYDiLG4CW+HxMkdv5GIqMmxENyBuO9JWZXQaFrjab8FVaWDuHh54/cS5a8eCmz9cFlybs86FwPgAE3qZ4/8ROD+OcGIswzrMcTOjE+bFgo0VvgNuPkGvOhxDA2DD/Ta9Nmci+oED3p4vkSpE2ryyZzpctWaT8iZXiB9JkAvb3tUOOYv/SkpMpvpJHzTiuVO1iO5pXfkKxoKikWEqxF7cqIxmdGWIIAqkdqipccEOkgb0wJEkJBG47GgrNY9I5Y3Z9d+ta0KRdWtW4RHY3IFJnn0pddNZWwpXsBxbupurXXltWYK++4BPSkSAzP6XBHVa0tomDchy2otYKaDpYfNhZH5EdRVQxEXlTOnY1bzMXjAB1jtVdzSAriSbWB71LKJuKeQKOwPU0+7kgb2HamRdW6E9gKeuPqK2PtWq2FK8DQNze36CsIaQbBrCks+o9qzzAqk2JPe9GgawYW9NiP60k7cjWCQdVrbWtcLR0ZpPNiddavc0rXc7gfcVoGxNxesJo2gDHv8Vtj2uftWlte5tTvnFRYbisUQwSTzrdtqVrB6AUjrRFok8lbTI62BBHM9Kk8RENOlBfvtUTlS2ckki9TRlEaizDagm/A6SAFBRtPP/L0pxYvMbcC46cq3Nir/wDD/wCakxziS26g0/V1kaq8m54lFiTc9gaWi6Y9rk9udMzuRIFADfelOQsXqsCelJ1+RHFPRtnIUAOo9hWXLMLtcd6DMvrAUqB7UXHKpGwVj8UEuuhVaCT5SruTf4oeUKAT5l+21YsjM5FgPvesiIjZg1jRbxllfUWjUUuwEm3asjVPNOo/+00zJKuo29LX68qWjat7oPe1CKT+kKl8IdDOGJVtS9LitNKpvq3+RTYYIxu/2FbWYnlpVfenXG/LFtXobGmRrMSR0sa35j4aTmFHQk3NKklQsNQ36EUiZ4wAGIv/AFpaaeGG4khgc9xWAlWWKZ1seYa1quUfE+VcYYQYPPcKJ5VFo8ZGQssZ/T1D2P2rnrYlJIwqaQBTKytFICrEnteqKT0yTjCXwT+f+HGLwRmxGWuczwKKZDJEp1Ivdh0/tVOZCDYi1XbIeNcdk86SQTGKVDcMhsathxXDHHuHWLH4JMuzAC35nBqsWo9yBsf0opJ+ScrXg49prK6TifBHMHk1YHH4TE4ci4d5kRvghiKyl6y+Df8AJU/K1v5m5XtRSx/xAsq+wFDwH0EdKek/+nribbR6fpqWRep2W0TFVHPa5rYkMdvqA7sKHjJEAsbb0q9wt96kmo7Q640h6RfO+l1APW29JbCvAgZnuOmkU4qgMlgBRDswVtzsD1qineBnxxWS2eGXhXn/AIq5tHgcmwJkXUBPin2hgHO7t0+OZ7V7g8LPBjhXwIw/nxrDn/FIGts3xMShMKP5YluQvPc8z7cqR4DYWHAeHmWDDQx4cPgVlYRKF1OVF2NuZ96d8WMRLh/DXEzxSPFOE1CVGIYG/O/Ova4uJQXa7PG5Oa+T06K14jeP+EybMD5k6hz9cpYSTnf+GPoLcixArgHFXjxDmWKM0GUpiscCdOMzNzMUHTRHsi/ofmuTZpPJicRNJLI0sjMSzuxJJ7kmgCSFO9Rm23R0rhjHRP5xxPjs+nM2LxDTNckAgAL8AbD7VCSTXY3/AKGhw7al9R596dXkfmoN0Fpo2ACpOg296V5iPYAgfFJBJbnSW5GkUmBryEElUJWx+1M6mccgTSXJ08+lKQ/uxTt0TSt0LTSY7FArdKYnkcMvVR1HOksT5/OmCSXN96OaHkuqHMRIpIuSBS8OtxdRdR1IoNtyL71JYYDy+VButiJ3gZM4JOzC3S1MYiTUoJS3zRTgBjYWoXEm6ijfkdbwMFCrK+w+DTuJHmoOR9+VI/hX5p/GKBFyHKkdjZT2MwuI1FlBI6rTWaRieDV/EKThjZTbak4kn8u3vVbtDuvJFIdA0tv7gb0ttYW4N17GmH+ul1Buie8ISrWuN96xgSNiSO1LP0NWR/4VBMRuhoKSOQv8UjfvTkfM1sgFhtTEnLI2bt0rak8rAj4pZAAO1aj+qsUj7hKrq2rFuh5U4RtSTyoWV6JCSQRsCabNqf5LWlF4iTub0U6JvIZlhIU7c+tHlja3lFh1JoTAfQaNLHyuZplL4Rop/Iy5dk9CXHamVl8qQLIlvccqMw3NqFkN5jfemU3pjqKHzIltgpB601JfSbMCOxFNHoOlJxJIC2NqZryh+qEAiM7AAnrTqOLdz3pkEkbm9LXZhbapNteRqoIjdQ+6lqxyskvpGkDoaQCbnfpSVY35mtGTbJOvgyddRsQKdVVYD0kmmn9Sgnc3607exNGVxeyyiqwJZBrACm9KjDlvVbbkKS5Pp3NKckMliaFuRFtJ00ZNruDYXPYU3Kqggsn3NEzki29DTEld96FtaGUVVoTOIwBoK37WvSUhLNqG32pEf+ItESnp0psvYqgnkaETqL2C2607FM0bhkOlx1puf/CWnISfTvSt9MoVouWWccTYbCJG6kkdf/grKqLsQ3M1lT/qJEfT+5//2Q==","2021-05-02 14:33:03");
INSERT INTO tbl_users VALUES("12","paulo","3352537346b8952df5cd1af145e0bc194c654b68","staff","02012022033117FB_IMG_16410174636644719.jpg","2022-01-01 14:31:17");
INSERT INTO tbl_users VALUES("13","jeremy","ee68891a4be740d745aa4edd6c1c3121abbf4ab4","staff","02012022033149FB_IMG_16410173556326371.jpg","2022-01-01 14:31:49");
INSERT INTO tbl_users VALUES("14","staff","6ccb4b7c39a6e77f76ecfa935a855c6c46ad5611","staff","","2022-04-10 14:29:19");



#
# Delete any existing table `tblblotter`
#

DROP TABLE IF EXISTS `tblblotter`;


#
# Table structure of table `tblblotter`
#



CREATE TABLE `tblblotter` (
  `id` int(11) NOT NULL AUTO_INCREMENT,
  `complainant` varchar(100) DEFAULT NULL,
  `respondent` varchar(100) DEFAULT NULL,
  `victim` varchar(100) DEFAULT NULL,
  `type` varchar(100) DEFAULT NULL,
  `location` varchar(100) DEFAULT NULL,
  `date` date DEFAULT NULL,
  `time` time DEFAULT NULL,
  `details` varchar(10000) DEFAULT NULL,
  `status` varchar(50) DEFAULT NULL,
  PRIMARY KEY (`id`)
) ENGINE=InnoDB AUTO_INCREMENT=27 DEFAULT CHARSET=latin1;

INSERT INTO tblblotter VALUES("10","Joe Rizal","Nora Selos","Joe Rizal","Amicable","Pob 1 Catbalogan, Samar","2020-11-02","00:30:00"," Sustento sa Anaak ","Scheduled");
INSERT INTO tblblotter VALUES("19","Girl Topak","Boy Topak","Girl Topak","Incident","Manila","2021-01-13","11:11:00","Mga Topakin na Pamilya","Active");
INSERT INTO tblblotter VALUES("26","baliw","luka","marites","Amicable","Looc","2021-04-30","13:09:00","Donec sollicitudin molestie malesuada. Curabitur non nulla sit amet nisl tempus convallis quis ac lectus. Sed porttitor lectus nibh. Vestibulum ante ipsum primis in faucibus orci luctus et ultrices posuere cubilia Curae; Donec velit neque, auctor sit amet aliquam vel, ullamcorper sit amet ligula.","Settled");



#
# Delete any existing table `tblbrgy_info`
#

DROP TABLE IF EXISTS `tblbrgy_info`;


#
# Table structure of table `tblbrgy_info`
#



CREATE TABLE `tblbrgy_info` (
  `id` int(11) NOT NULL AUTO_INCREMENT,
  `province` varchar(100) DEFAULT NULL,
  `town` varchar(100) DEFAULT NULL,
  `brgy_name` varchar(50) DEFAULT NULL,
  `number` varchar(50) DEFAULT NULL,
  `text` text,
  `image` varchar(200) DEFAULT NULL,
  `city_logo` varchar(100) DEFAULT NULL,
  `brgy_logo` varchar(100) DEFAULT NULL,
  PRIMARY KEY (`id`)
) ENGINE=InnoDB AUTO_INCREMENT=2 DEFAULT CHARSET=utf8mb4;

INSERT INTO tblbrgy_info VALUES("1","Leyte","Burauen","Barangay Buri","09102016346","hayat","02012022032735burauenlogo.jpg","02012022032735th.jfif","02012022032735burilogo.png");



#
# Delete any existing table `tblchairmanship`
#

DROP TABLE IF EXISTS `tblchairmanship`;


#
# Table structure of table `tblchairmanship`
#



CREATE TABLE `tblchairmanship` (
  `id` int(11) NOT NULL AUTO_INCREMENT,
  `title` varchar(100) DEFAULT NULL,
  PRIMARY KEY (`id`)
) ENGINE=InnoDB AUTO_INCREMENT=12 DEFAULT CHARSET=utf8mb4;

INSERT INTO tblchairmanship VALUES("2","Presiding Officer");
INSERT INTO tblchairmanship VALUES("3","Committee on Appropriation");
INSERT INTO tblchairmanship VALUES("4","Committee on Peace & Order");
INSERT INTO tblchairmanship VALUES("5","Committee on Health");
INSERT INTO tblchairmanship VALUES("6","Committee on Education");
INSERT INTO tblchairmanship VALUES("7","Committee on Rules");
INSERT INTO tblchairmanship VALUES("8","Committee on Infra");
INSERT INTO tblchairmanship VALUES("9","Committee on Solid Waste");
INSERT INTO tblchairmanship VALUES("10","Committee on Sports");
INSERT INTO tblchairmanship VALUES("11","No Chairmanship");



#
# Delete any existing table `tblfpscert`
#

DROP TABLE IF EXISTS `tblfpscert`;


#
# Table structure of table `tblfpscert`
#



CREATE TABLE `tblfpscert` (
  `id` int(11) NOT NULL AUTO_INCREMENT,
  `name` varchar(50) CHARACTER SET utf8mb4 DEFAULT NULL,
  `current_location` varchar(100) CHARACTER SET utf8mb4 DEFAULT NULL,
  `applied` date DEFAULT NULL,
  PRIMARY KEY (`id`)
) ENGINE=InnoDB AUTO_INCREMENT=4 DEFAULT CHARSET=latin1;

INSERT INTO tblfpscert VALUES("1","Annie May Calupas Barrera","LaPaz","2022-03-03");
INSERT INTO tblfpscert VALUES("2","Sarah","Balatson","2022-03-03");
INSERT INTO tblfpscert VALUES("3","Barrera, Annie May","tabagn","2022-04-09");



#
# Delete any existing table `tblofficials`
#

DROP TABLE IF EXISTS `tblofficials`;


#
# Table structure of table `tblofficials`
#



CREATE TABLE `tblofficials` (
  `id` int(11) NOT NULL AUTO_INCREMENT,
  `name` varchar(50) DEFAULT NULL,
  `chairmanship` varchar(50) DEFAULT NULL,
  `position` varchar(50) DEFAULT NULL,
  `termstart` date DEFAULT NULL,
  `termend` date DEFAULT NULL,
  `status` varchar(20) DEFAULT NULL,
  PRIMARY KEY (`id`)
) ENGINE=InnoDB AUTO_INCREMENT=14 DEFAULT CHARSET=utf8mb4;

INSERT INTO tblofficials VALUES("1","Gaudencio G. Berida","2","4","2021-04-29","2021-05-01","Active");
INSERT INTO tblofficials VALUES("4","RENATO R. ALMO","3","7","2021-04-03","2021-04-24","Active");
INSERT INTO tblofficials VALUES("5","Alberto C. Almo","4","8","2021-04-03","2022-03-24","Active");
INSERT INTO tblofficials VALUES("6","ALLAN T. ANTONIO","5","9","2021-10-13","2022-10-26","Active");
INSERT INTO tblofficials VALUES("7","merlo t. quiton","6","10","2020-05-21","2021-04-03","Active");
INSERT INTO tblofficials VALUES("8","relando s. tungasm","7","11","2020-03-17","2021-04-03","Active");
INSERT INTO tblofficials VALUES("9","Bienvinido P. BUHALOG","8","12","2020-04-22","2021-04-03","Active");
INSERT INTO tblofficials VALUES("10","NELSON Q. ELOGORICO","9","13","2020-06-18","2021-04-03","Active");
INSERT INTO tblofficials VALUES("11","DIONESIS C. ECHON","10","14","2020-07-08","2021-04-03","Active");
INSERT INTO tblofficials VALUES("12","ALMA CANDELA","11","15","2020-07-08","2021-04-03","Active");
INSERT INTO tblofficials VALUES("13","ROWENA P. RELLAMA","11","16","2020-10-07","2021-04-03","Active");



#
# Delete any existing table `tblpayments`
#

DROP TABLE IF EXISTS `tblpayments`;


#
# Table structure of table `tblpayments`
#



CREATE TABLE `tblpayments` (
  `id` int(11) NOT NULL AUTO_INCREMENT,
  `details` varchar(100) DEFAULT NULL,
  `amounts` decimal(10,2) DEFAULT NULL,
  `date` date DEFAULT NULL,
  `user` varchar(50) DEFAULT NULL,
  `name` varchar(50) DEFAULT NULL,
  PRIMARY KEY (`id`)
) ENGINE=InnoDB AUTO_INCREMENT=21 DEFAULT CHARSET=utf8mb4;

INSERT INTO tblpayments VALUES("5","Business Permit Payment","7000.00","2021-05-19","admin"," Atrium Salon & Studio");
INSERT INTO tblpayments VALUES("6","Certificate of Indigency Payment","3500.00","2021-05-19","admin"," Ronil Gonzales Cajan");
INSERT INTO tblpayments VALUES("7","Barangay Clearance Payment","2500.00","2021-05-19","admin"," Ronil Poe Cajan");
INSERT INTO tblpayments VALUES("8","Business Permit Payment","3500.00","2021-05-18","admin"," Atrium Salon & Studio");
INSERT INTO tblpayments VALUES("9","Business Permit Payment","7000.00","2021-05-18","admin"," Atrium Salon & Studio");
INSERT INTO tblpayments VALUES("10","Business Permit Payment","7500.00","2021-05-18","admin"," Atrium Salon & Studio");
INSERT INTO tblpayments VALUES("11","Certificate of Indigency Payment","50.00","2022-03-03","admin"," <br />
<b>Notice</b>:  Undefined variable: resid");
INSERT INTO tblpayments VALUES("12","4(ps)Certification","50.00","2022-03-03","admin"," <br />
<b>Notice</b>:  Undefined variable: resid");
INSERT INTO tblpayments VALUES("13","4 (ps) Certification","50.00","2022-03-03","admin"," Annie May Calupas Barrera");
INSERT INTO tblpayments VALUES("14","4(ps) Certification","2.00","2022-03-03","admin"," Sarah");
INSERT INTO tblpayments VALUES("15","4(ps) Certification","50.00","2022-03-27","admin"," Annie May Calupas Barrera");
INSERT INTO tblpayments VALUES("16","Certificate of Indigency Payment","0.00","2022-03-27","admin"," Annie May Calupas Barrera");
INSERT INTO tblpayments VALUES("17","Business Permit Payment","50.00","2022-03-27","admin"," Atrium Salon & Studio");
INSERT INTO tblpayments VALUES("18","Barangay Clearance Payment","50.00","2022-03-27","admin"," Annie May Calupas Barrera");
INSERT INTO tblpayments VALUES("19","4(ps) Certification","50.00","2022-04-09","admin"," Barrera, Annie May");
INSERT INTO tblpayments VALUES("20","Certificate of Indigency Payment","50.00","2022-04-09","admin"," Judy Ann Quinos Amarille");



#
# Delete any existing table `tblpermit`
#

DROP TABLE IF EXISTS `tblpermit`;


#
# Table structure of table `tblpermit`
#



CREATE TABLE `tblpermit` (
  `id` int(11) NOT NULL AUTO_INCREMENT,
  `name` varchar(80) DEFAULT NULL,
  `owner1` varchar(200) DEFAULT NULL,
  `owner2` varchar(80) DEFAULT NULL,
  `nature` varchar(220) DEFAULT NULL,
  `applied` date DEFAULT NULL,
  PRIMARY KEY (`id`)
) ENGINE=InnoDB AUTO_INCREMENT=6 DEFAULT CHARSET=utf8mb4;

INSERT INTO tblpermit VALUES("4","SH Food Group 1","SH Food Group 1","SH Food Group 2","SH Food Group 1","2021-04-30");
INSERT INTO tblpermit VALUES("5","Atrium Salon & Studio","SH Food Group 213","","Atrium Salon & Studio","2021-04-30");



#
# Delete any existing table `tblposition`
#

DROP TABLE IF EXISTS `tblposition`;


#
# Table structure of table `tblposition`
#



CREATE TABLE `tblposition` (
  `id` int(11) NOT NULL AUTO_INCREMENT,
  `position` varchar(50) DEFAULT NULL,
  `order` int(11) DEFAULT NULL,
  PRIMARY KEY (`id`)
) ENGINE=InnoDB AUTO_INCREMENT=17 DEFAULT CHARSET=utf8mb4;

INSERT INTO tblposition VALUES("4","Captain","1");
INSERT INTO tblposition VALUES("7","Councilor 1","2");
INSERT INTO tblposition VALUES("8","Councilor 2","3");
INSERT INTO tblposition VALUES("9","Councilor 3","4");
INSERT INTO tblposition VALUES("10","Councilor 4","5");
INSERT INTO tblposition VALUES("11","Councilor 5","6");
INSERT INTO tblposition VALUES("12","Councilor 6","7");
INSERT INTO tblposition VALUES("13","Councilor 7","8");
INSERT INTO tblposition VALUES("14","SK Chairman","9");
INSERT INTO tblposition VALUES("15","Secretary","10");
INSERT INTO tblposition VALUES("16","Treasurer","11");



#
# Delete any existing table `tblprecinct`
#

DROP TABLE IF EXISTS `tblprecinct`;


#
# Table structure of table `tblprecinct`
#



CREATE TABLE `tblprecinct` (
  `id` int(11) NOT NULL AUTO_INCREMENT,
  `precinct` varchar(100) DEFAULT NULL,
  `details` text,
  PRIMARY KEY (`id`)
) ENGINE=InnoDB DEFAULT CHARSET=utf8mb4;




#
# Delete any existing table `tblpurok`
#

DROP TABLE IF EXISTS `tblpurok`;


#
# Table structure of table `tblpurok`
#



CREATE TABLE `tblpurok` (
  `id` int(11) NOT NULL AUTO_INCREMENT,
  `name` varchar(255) DEFAULT NULL,
  `details` text,
  PRIMARY KEY (`id`)
) ENGINE=InnoDB AUTO_INCREMENT=9 DEFAULT CHARSET=utf8mb4;

INSERT INTO tblpurok VALUES("1","Purok 1","Tikang Kanda Babon ngadto liwat kanda Babon");
INSERT INTO tblpurok VALUES("2","Purok 2","Amon ngadto ira");
INSERT INTO tblpurok VALUES("3","Purok 3","afawewqeqweqweqw");
INSERT INTO tblpurok VALUES("4","Purok 4","dsfdsf");
INSERT INTO tblpurok VALUES("5","Purok 5","rewrew");
INSERT INTO tblpurok VALUES("6","Purok 6","rewrewr");
INSERT INTO tblpurok VALUES("7","Purok 7","rew");
INSERT INTO tblpurok VALUES("8","Purok 8","rew");



#
# Delete any existing table `tblrequest`
#

DROP TABLE IF EXISTS `tblrequest`;


#
# Table structure of table `tblrequest`
#



CREATE TABLE `tblrequest` (
  `id` int(11) NOT NULL AUTO_INCREMENT,
  `name` varchar(100) CHARACTER SET utf8mb4 DEFAULT NULL,
  `pcs` int(12) DEFAULT NULL,
  `type` varchar(100) CHARACTER SET utf8mb4 DEFAULT NULL,
  `location` varchar(100) CHARACTER SET utf8mb4 DEFAULT NULL,
  `applied` date DEFAULT NULL,
  PRIMARY KEY (`id`)
) ENGINE=InnoDB AUTO_INCREMENT=3 DEFAULT CHARSET=latin1;

INSERT INTO tblrequest VALUES("1","Annie May Calupas Barrera","3","coconut","Barangay Dire Matadan Warawara st.","2022-03-03");
INSERT INTO tblrequest VALUES("2","judy ann","3","lobi","kanhama","2022-03-27");



#
# Delete any existing table `tblresident`
#

DROP TABLE IF EXISTS `tblresident`;


#
# Table structure of table `tblresident`
#



CREATE TABLE `tblresident` (
  `id` int(11) NOT NULL AUTO_INCREMENT,
  `national_id` varchar(100) DEFAULT NULL,
  `citizenship` varchar(50) DEFAULT NULL,
  `picture` text CHARACTER SET utf8mb4,
  `firstname` varchar(50) CHARACTER SET utf8mb4 DEFAULT NULL,
  `middlename` varchar(50) CHARACTER SET utf8mb4 DEFAULT NULL,
  `lastname` varchar(50) CHARACTER SET utf8mb4 DEFAULT NULL,
  `alias` varchar(20) CHARACTER SET utf8mb4 DEFAULT NULL,
  `birthplace` varchar(80) CHARACTER SET utf8mb4 DEFAULT NULL,
  `birthdate` date DEFAULT NULL,
  `age` int(11) DEFAULT NULL,
  `civilstatus` varchar(20) CHARACTER SET utf8mb4 DEFAULT NULL,
  `gender` varchar(20) CHARACTER SET utf8mb4 DEFAULT NULL,
  `purok` varchar(50) CHARACTER SET utf8mb4 DEFAULT NULL,
  `voterstatus` varchar(20) CHARACTER SET utf8mb4 DEFAULT NULL,
  `identified_as` varchar(30) CHARACTER SET utf8mb4 DEFAULT NULL,
  `phone` varchar(50) CHARACTER SET utf8mb4 DEFAULT NULL,
  `email` varchar(50) CHARACTER SET utf8mb4 DEFAULT NULL,
  `occupation` varchar(100) DEFAULT NULL,
  `address` text CHARACTER SET utf8mb4,
  `resident_type` int(11) DEFAULT '1',
  `remarks` text,
  PRIMARY KEY (`id`)
) ENGINE=MyISAM AUTO_INCREMENT=182 DEFAULT CHARSET=latin1;

INSERT INTO tblresident VALUES("169","2018-24738","Filipino","02012022031808FB_IMG_16410173556326371.jpg","JEREMY","ECHON","OLA","MY","Brgy. Buri Burauen Leyte","1998-06-30","23","Married","Male","Purok 2","Yes","Positive","09102037489","jeremyechon@gmail.com","Student","Barangay Buri Burauen Leyte","1","no remarks");
INSERT INTO tblresident VALUES("174","2018-34555","Filipino","02012022032131FB_IMG_16410174636644719.jpg","Jhon Paulo","Mahilog","Tismo","pau pau","Dist. 8 Burauen","2022-01-01","26","Single","Male","Purok 7","Yes","Positive","349358957","cajanr02@gmail.com","Student","San Diego Burauen Leyte","1","no remarks");
INSERT INTO tblresident VALUES("180","1212321321","Filipino","02012022030838anniemaybarreraID.jpg","Annie May","Calupas","Barrera","maytion","Brgy. Limburan Burauen Leyte","1999-10-22","22","Single","Female","Purok 6","No","","19512659595","anniemaybarrera@gmail.com","Student","Barangay Tabang LaPaz Leyte","1","No remarks");
INSERT INTO tblresident VALUES("181","129292929","Filipino","data:image/jpeg;base64,/9j/4AAQSkZJRgABAQAAAQABAAD/4gIoSUNDX1BST0ZJTEUAAQEAAAIYAAAAAAQwAABtbnRyUkdCIFhZWiAAAAAAAAAAAAAAAABhY3NwAAAAAAAAAAAAAAAAAAAAAAAAAAAAAAAAAAAAAQAA9tYAAQAAAADTLQAAAAAAAAAAAAAAAAAAAAAAAAAAAAAAAAAAAAAAAAAAAAAAAAAAAAAAAAAAAAAAAAAAAAlkZXNjAAAA8AAAAHRyWFlaAAABZAAAABRnWFlaAAABeAAAABRiWFlaAAABjAAAABRyVFJDAAABoAAAAChnVFJDAAABoAAAAChiVFJDAAABoAAAACh3dHB0AAAByAAAABRjcHJ0AAAB3AAAADxtbHVjAAAAAAAAAAEAAAAMZW5VUwAAAFgAAAAcAHMAUgBHAEIAAAAAAAAAAAAAAAAAAAAAAAAAAAAAAAAAAAAAAAAAAAAAAAAAAAAAAAAAAAAAAAAAAAAAAAAAAAAAAAAAAAAAAAAAAAAAAAAAAAAAAAAAAFhZWiAAAAAAAABvogAAOPUAAAOQWFlaIAAAAAAAAGKZAAC3hQAAGNpYWVogAAAAAAAAJKAAAA+EAAC2z3BhcmEAAAAAAAQAAAACZmYAAPKnAAANWQAAE9AAAApbAAAAAAAAAABYWVogAAAAAAAA9tYAAQAAAADTLW1sdWMAAAAAAAAAAQAAAAxlblVTAAAAIAAAABwARwBvAG8AZwBsAGUAIABJAG4AYwAuACAAMgAwADEANv/bAEMAAwICAwICAwMDAwQDAwQFCAUFBAQFCgcHBggMCgwMCwoLCw0OEhANDhEOCwsQFhARExQVFRUMDxcYFhQYEhQVFP/bAEMBAwQEBQQFCQUFCRQNCw0UFBQUFBQUFBQUFBQUFBQUFBQUFBQUFBQUFBQUFBQUFBQUFBQUFBQUFBQUFBQUFBQUFP/AABEIAPoBcgMBIgACEQEDEQH/xAAeAAACAgIDAQEAAAAAAAAAAAAFBgQHAwgAAgkBCv/EAEgQAAIBAwMCBAMGAggEBQIHAQECAwAEEQUSIQYxBxNBUSJhcQgUMoGRoSNCFRYkUmKxwdEJ4fDxFzNygpI0UyU1Q0Rjk8LS/8QAHAEAAgMBAQEBAAAAAAAAAAAAAwQBAgUABgcI/8QAOBEAAgIBBAECAwgBAwEJAAAAAQIAEQMEEiExQSJRBRNhFFJxgZGhsfAyBhXBFiMzQlNigtHh8f/aAAwDAQACEQMRAD8Aorpe3eS0iSWABVQbQuKtd0Sw8PtJtUikVry9lupiD8OEXbHkHt/MQRwflxmtOmibqygFtOC4XHBzmrd1uzvtNutJ0i4MVwNP023Es6ksGlcF2VgfUBlP0Zatj2nqI5SbqCdE08SsXJCDGASy800NpPk2rHeztIMfSsenaaiO2YwrKf5hgZ+VFry2eKFAVYqe5xtpllB6MsoIHEX1s3spNoO6Q+orPBZRGffOoB9CD/pUjyG8zahOfRnOf0rLFbqzBnwpXv8AOhFBcgKe/MHz2sQ8xkGxT6qoyf3qDPEkUQYyJEh4UMwBNEdSlaMZSE5XvycEfSgWtWaa1ZJGYsbGDAgc/Md6OAK4H8SjE9eZlTynCxSAzEjIYfERTx4QaivQ3ivpWtuFNlpOk6pq842EsBHaso47kfxecc/rSrYWzW1vEq/CR7jvU61uG+9ayCSXu+ndR02JcZwbhFQuB8h/3FDcWPEkq23jmV7Z9Mw2+lWnnl7iZ4hK0399m+Jj2HGSfSol5o8cw2ZCHHw84JqwI9MFra26AMQkaqzFcYwPSg2qWEKzKe3uR3ob1CLuA7iZLbRW1s4ktFZADyGwSfpzVGdeQKdTeVI9ik8DPIrZe50wbSwJaMjgEZrW/wATbdo+pJkHGCOF9KJgBBgsvPFxQCvBLvUqCR3pA16za81mUmQGRjzk81YMdp5eS2VB9XpRuYsanIzJvwc8Hk0TULxZlsUe4PAn7rZWBu3KTXUKzptIOVYZU/mKjaj4GXNvOBa3SOfQOuK2AGhtpuj9KI+wwy6HYz25X0jePcuSSeRnB/I9jXWS0S7uwAOV7c96ytr3GUvz/M1ou/BzXrQyFghxzgHvStP0/f2zvG8JZlOCF7it0JtNjuYAGRcDhlJx+9Kdz4d2U9/LcrERu5KDgZqys44P/EKeJqmNNuIgzPbyL/iNY4nlt8sHkTJ4IOK2euOibF5RG0KkfXtQjUvDzTBx91DE+neo3tfUGalIWXUur2KhrfUrqI9vhlaiUHiV1FZgBb95FHO1znNXh0v4P6TrdlJHJZEOHwCp5xUfqH7NlqY91lJJEQeQwB/2q4zVO+VjcWeZWOn+MeqIT58MLjsSMg0c07xlRXHm2DHd3aN84qfdfZzmijAjugZT3G3ihMvgTr9tKRGI3jHqDVvmKe4NsKkUTLC0Xxi0G6QrcSy27quBlR/nmjumdX9O3koxq0Kqf5TIAT+9UZP4Ua/aMx+7M3plec0L1Ho3WNMYJNayLnGGAznipBVujUqcJ27VaptHajTrkM0F5EyHkbh3qZJo8d1EroImQ+uBg1rl0D0nf3cep38we3stKjR52LEY37toHuTtb9Ki6l1zrdjdA2Wo3FtEOypIcEfOjLt9oI43UcGbSWnRFpcRgSQRqx9uAa7x9BpC7KI0KE4AT1rW3TvHbqrS1VjdrOp7K6D/AExTVpf2pdbt9v3iyt5ufiIzk/rmiqiHyBA7XHjmXVL4dGdh5Z2k8FWHFQLvw1uwCrhURewPalfRPtVWocNc6Y8Tf/xuCP0I/wBaY4PtF9P63Ltmke2HqWjP+nFQMAJsSd2QDlZWvUvhRqLXs80caTIORtO3PHzpSvekri0iUy7EUjK5J5+Q4q+brxM0DVYZUj1eAnacBjiq96mkS9so5YJt55AD9sfKmVUr/kDKBUcH3lZanpC/ct+Q0ikfAo5+tPPhxiGJZGyQPSoWnWcxElwpiR1HHmDcBVmaLJYrY+YYoo887lAzRMngqJUOANrGjJA1aOc7du9AMfCMkGljXNNa5IWR2RSe+MnFGb3WbHTP7TIwjzyvOB+dK111da3TvucZ7hic5/SqqpY9QZ9PKkwbLoUSuxDM7gfiZeKx/wBFtdbFj7L3DJjJ/PFSx1Cs9yI45Qcj1NMFlp0sqJIQHUn4j2zU5cZAoCWUkerdANr09Nv3sSoHHFMmmaA8z/gRmC5BJ70yxaVG9nH5KDeB8eDUjTtOWASAoTIexZu36YoWJCeGlmLML6nTRNJZcpMpMWPi2g/D9aJ3GkmRWiSEmMAbSFIX55J4qfYQC3jXccse2ec1MuLU3WSx+I9gopnbXAEVGN19USDokhOVtpMenxCuUynTZsn4X/Q1yh2/3RO3L97+/rFHwW0KSe204NiViy5ySBgmri1O939QXkmCUEpVN4IHHHY+nHH/ADpR8J+n0tOqOn9OAZt02WJztTy4nl5+vlkAfP5VIRLnV1W+EjSeaPNKE8knnn2rL09uKab2qXbkN/39I76bK12p3xogU5yPU1lt9X++3MkbKD5fG1uM0r39vqNjo5mtDiZlyEkbaufrXTpO4llkT70VfzVBlAOcN7A+1OgDzFlO3n+/vHiG18xzMoHlf3RXZRFFIyvhCewI5rvDaXCophUeT/KAc12Nm73QM5TYBjk5P7VQgL1CqT4keeJZGA2gqe7UHutJKTArKwOfhDdqOyKEnKqCwX0Yd/pQHqjWodLQySptEY3MfYe5xVCLFyx9XckW+mMZBvbaSeaN2tp9x0PXr9wDb2b2kEsgU5jed2SLPyYgjjscZ7igujalHqCrKn/mKeTnIr69zerFr2nSzA2GsTWdxNCvdZLZ2eMgj0JYEg5/CuMc5gBjxcg2BS9wJ1LrUum7FiPmrnDckY/3oN5st6Fdshj64prGiC9dlcEqOe+ayXOmyIgCkAAYGRVGIU1UpsN8xSVCInc/Bt45x8XzFa09fKbnqTUJWIKb+AOfQVtjd2COjRFV3kYyOMfrWp3WECxdR6rk7GE74U8bsNj0+XNN6c8ymbGoHq7i6f8A6f41HHzzSYCv9Kyk5bJOFxnNNtxueQBF2A8ZpajhkbWPKiCee8gijLn4d7EKucfMiq6hr6qWwKAeJuB1bIsVxolsqeWkOiaeFBGAitbowXGBjG7FDrKe2W5jSMqJD3z2NWB9ovoyfoXxs1rp6cBvu1lp7W5U5DQfdI4g35yRS8e9U/qd9BpmoQoXKuSOMVmpuK2whUQ4l2gxtZ/jMTqqnPDA4zXS7BMOB+L2GKwwyRTbTkl8ZHtUoJuQM+MZ/lqNi3wI0Ca5gKexZH3lSOOOKA6hMfMKhDu/vDPNOlxFuRjjGRwCaXZrcGU7wBg+tSpAPAg23Q/4aXSiZwSNxfhT+HOB3+f+wqzxp4u0DTMuSOABgVVfS0X3e8uH3KsaMNvu3AP+easjS9TN7CATwnY4BFVYc3U5RxI1/pMcZbCiT/EBnih8GjwPITkHHcZo81vJcsys21TyMAgVHXTXG4x4AHY8ZNcpr/KWryINTpi3u5DsYJ/iIHFd18PY7iUPNsnVPXGPzxRaztbjcBIu0LxtIwTRS1aYOV2YT1qb9uZXzzFLX+irWDoHqzbBCU8q3ICphmYy4Uk8ZAPpn1+dUg/hvYzWTb4U8w/LkVsrLaTyaH18GdGtJ7KwIjB+MGOWZmOOcfiUj3wfaqte3jEbfCq7hnJrgGHj95wqz5lSTeEtlcIW3NFjjgYpZv8AwjKysIbjA9ARV3iMtG0agkDndnNCpowJGBHxj09DRwAJVgfaUdceGd/CW2sWx79qiSdEa1EpCwlx7gjmr4a28yZB5effFd7jTtrk+WqgcgVde+YPxyJSWhdNXdtcJJeoYgp+FT6mnq8l8qyiS4dVQds1F6w1KPTJlZ2Jx2UYzmk++11tSQNMCEHAG6tRKA5EzW2u3EN3mvWVkwiiffkenao79eagkYt4VEaHsRnND9LjtL6ZEX4mzj4uack6WX7sFghE0xGfejek8iBIB9JFxNv7vUNYaJWmIQfi5PNELHSrR5VD3ZicDnKnFNFn0Dql/IiPEkSj1Cnd+1Pmj+CV1qMW+aLfGg5ZiE/70NsiobqOY9K7CuQJVtvFp0DbkxI4PfHejMHVLqnwOqBOAEHb8qc9Q8FUhZhFIyZGQm0k/Tioa+Cc0kOIZGQ9zngmo+2Y2FVLHQEdm4O0frZxJl2Ib5mn3pfqG3nlLtGrEn8ROT/nSBqfhteaYo2jB/ve9fdA1RdGvkinyx7Fexz6UdXRxwOZnZcGTG26psnoEGmaoFWW3USkdxxTLddMWK2o+7RhX9W9qq3pvX1hSOZ+AR3wCfyptuOurb7t5SrsdeQW9aAySvzmbv8Av7Se3SL5Pw5/OuUqN4k3KsQLrABx2FcodL7wd/j+0J+G1rBcJ1lq8sIe30jp+Ty5HG0C5uJFgiVvUA5cZHP71M0+0tjtRI8KqhAWO48e+fWsWgG8i8G/EC6zEi61r2l6JHLzueOEfejwOAceYP8A48ccjrCI294kioyg9wOB/wA6Swruupq/MPzO4y6oxto0G5JY9uMEZx+5oXC1tburJbAvnj2zU/z43iIXkE45FDptFnFyru2FHIzmmTQ4aMgFuozW9y2AF+EN9BzXe7VtvxHLHuQtRNPErbQ7jYvYEd6IzXAVsN2PHFCJ9jC0R0JFM8wQeWN5xjd7UM1nSxqaIs8S/FwSSRijdqF+PDBju7Z7VmjR/M+PBX0IHahd9yPUOYvQdO2ui2yiNsNjlieTUTTpHl1F0dWOB8JxTJqcQnhIztYe1YdHgM9/A6hJI2jbkLhkZWwVYfPIIPqM+1S1gcTgXbzJi2YtoQwARiM8d81BW3MsTHztxzkkjnHtRu7TYNrI2T2x6frQ62tyHccge+O9LhiTzCciAdVUy28pBVQi8Z5/7Vp71zibXb0jO7zTuLevNbkayUt7WZ3JKgHIPatOOoLgyX9zMY+C55H170/hUn6xLO4U0YtS2TPMBGST35pOe2Y3c8bTmE5LCX1T5/lVj29j94HntkAfEAtB+gOmT1b4k6Bo6p539J6pb2KKc/E0sqoAcc4y3tVdRuQcw2nWzxNv/GHUbnqDxe1m81R5JtVEdtay3Ur5aVI4l2Z9Bjce3rknkk1V/WfTC32p2l0FDGLsynjPzq3PE7QjZ+J/UtlM2680+5FrcDOQriNTjPr3Bz86CHSkFoS0gYH+XGc1nITtuNMAOxEoQTC3Uxg5UYIA4qba3UixIvxZPHJyBRhNLdZNiYAPvxQ7ULVreRtoG/PcVxO7iSAALna4kjS3Vslzg54xS3I6O7AykMeR8ua73kmoNuVFJYetRoI7hmDTxAntzV1vq5QubjD0aqahqtxEpDCMgMCeRxnn2q0NGgjS2KIhU53L3B+hpL8MNG82e9lVMtxke+O1WXZ233dlV0IbPpUkcyAbkR4GLKNxB57elYI7YiTAXcD6k/vRqeTLgLl2J7YxQ+adob9Fkj2hvTPFVMsKku1iRFLSDOOM5rv5RabG9mXHGBU6CyjuRhcgYz8JqbbWkUeVwePU1TaCbBMggmLsmmPL091Iitt+9WTQgBjkHnDADHPJqoYop3QGdiUUYA3cZrYa306WSXUkheJQdMuHQOuf4g27c+68nIHPaqTh08/0VE7O2GXdlsZP1xx+lTua5KgCA5bGNo/NUYKjsPWg91EoG9hgn+Xmjs0JkUheSPehNyrPlm27V4JzRVJM5x7Re1nUjpsP3iIEyIe3oaBy69fKDeXMqrFjOe2PlRC+vLa+mmgWRHK8YxyKrTrS/urK3NvM5CA/CAaZRgpqLsNwomBeq9Tm6j1Heq7YVPMh9axzOsmmwxQ2wwDjIySaXn1S71B4oBIVjXtgVZ3QHTH9ItFEpDtnJYngU6GY8AcRdgt8Rl8KfDWTWPLmlhKD6dq228PPBCydIXkt/OPHxSDGKFeC3h6RbxNLEXRedx4H6Vs/0tpaxzRqFAUYGAKTdiDtBmpjxLttoA0vwW0W2tww05Sq9yV71Jm8NNFjXCWm3J5XJx+9X7pOhI1lgqdmPWl7X+mlRmkQIoX1HcfUUB8bAWTG0yJ1KNvvDeyaJxHEkYz6c0rah4XxSEkSEAjBCDFXFeRhJDuYBc8cd6C3ynaWwu0e1L0fEMaPU146w8O1trdowrle3BqneqPDvZG0+1gycg8kgVt7rturgs67x8/Sqw62sI7i0k2GML2wBzn2o+PK6mriuXEHFEXNbdKu7mKfyGlcRqcc9jTNNfRzxY+LJGGcGg/UtkNMnZgSNxPwk0N0vWgkmzOcHnPNaytuHM8jqMa6Z6HcYf6I3c+f359a5UhdXTA5H6VyhbE9jFvmtLHurzyfA/w/0uKaXzr3qLV9buVfH8RISbWEcd8B1IPrz7V3tXLIjhjnuFPYVzrmaK0/qVpYUxy6V0xZQSIcALLJukkB9dxb4iPXdkjJzQKC8mMwQqFXP8vb9aQws2yz7/hPRY8Kpe3j8I4W85KM7Pn3A71NDnUGjy2JEHANJWoa1NZxBVjD84MgPxCpUOoTskciSupI7g8/nRizHqWAJ4EbrOOdFJaQHBPA5FZ8vMUIXJB+JgaC2W9YDvUMzHdnP/Oi0N0qx4AK47g+tQ19VL/LUiz3CCFZDtUkEdyeM11W2aG6wCVDc9zj9qxRS4IIO1GPYDvU55Qq7lG4Ac4PNUsjiUCgz5c20bW7yysCFGR7Gpwig0+701YCzLfaNY6tIcYMUk6MzRZ7MAApDezdveBsgkYO2VhxyGbAqRMLSO//ALHL5iJFFAsq45jRfgQY/lXJAHpzVST5lwAvAky4vYvN2ynLY4z3qO9whlHwfCRyKw3czSzoFQyEHuB/nU+ODbGzbMkjGSMkV233nc+8XurtKNxoF3IVRMRsVHf0+Vaa67bmO4mZiu0k8YrdnqgH+rGpADzEFtJtwMEnacfTn19K0n1C0uFgVbsB5gBuYLgE+pFPYWKrEcg3NyINhtne2lAPlrtJ4p/+xroEWpfab8M0cGSNNeinPHGY1eRSf/cgP1xSvpFkRazjKj+GeSODVz/8P3Rhf/ak6EjlTfDH9+vN4OMPHbPsH6tn8qDqLPcZ0y7QaEur7SOnx6R9o7r5oYUSG4u7aZnZu8jWVvuOP0/f2pJWFZX8x0yGXAIPFP32n5DJ9ozrdQoI860GSec/coM/LHb96SrW8S1Iibbg/wB7/lSREbNQNNZsZnkwsaqOGJ70EubLcdxlBJPOFximzUgfMAQMU7kZOKg3enRNGGaMYPoKoQQbkqD5EBWGiHbNOu0BRnJobqMTQnLRBkx3ApzkhMVosEajBGB2/elzVBLHAoZQTnGAOKsPwktz4hjw2lVjMtvu7gEgdqslrUyyKASzY59BSH4Mwm6mvi6BAHC4x3/6zVqXUb25IjAC44wK4nmDVQIuXdoEIJBDrzgUPEP3icNkq9HJ1aZssdjHufWg94kk1zGIwQoOM+9VqzJ/CFrMtEu3zAPdgMVMgZYyRndnn3qFGURChy5x2xXLLzHujlfg9MmrcDqddQ90pPBcdTXVpMu1pNIu3jfHsYwR27Hd7+lUVo6zSaVEkjb8RrypOO3p8qvXpyESa9cBXcPHpV1K0YHwCNTGWdj6BeP/AJVQdheyPpEDSTs4ljVsglQcj271ULZ4kDk8GR2iaOY/Ccn1zQ3UbYkMu0Dd2NGYZmZGQYY+mT2oPqMbLdpgfEeD86v1JNDiVR1hot1pF2bm32rG3dgexqq+q5JLyRpJ5iXHHB4FbBeIryp0zdLFErkIQCwzitVdQkmluTGzE5POaOrQTAf24Q6Z06bXNZgs7fDSSMFA7Z571vh4B+CFjpNpDPfQie4ODsHxAfX3rX77MnhHd9R67FeCBzDEQS+OAfTmvRforpeHRbNEIUOqgEnjmpZiOITFiLHcYxdP6NDb2awwRqiqvCKMCmbRtOkSdGaMqM180nVtMsYhHLLHJI3pxxTloepaEqgy3cGe+0MAf3rkxk81HWdFWrjZoRMtqu4kbRxu7Uu9U63Cd0Ltk9gVXNSdR610+CPbbuoTGOGz/kaRNa6nS+kbY6qo5BB5ozk1VQKUTYgjUJF807WXn3pb1O+EakcNj0qTqOoB5TsOSf5qB6hI4iLF+D3pKo0GrxFrW7lpDISSq98ZzVZdT3eRId4zjvjirE1NvPLRoU2/M5pE6q0vzYZADuOMgDjH0qKPiSWE1/68lkmLOHBK5PbNJfT2rrBcEyKrAnjeatHqTShLI6SxkHtnGKq3UdJGnaiEjXbuburd6ew5K4Inn9cqsNxP7RmF/kAg8fWuUyWXhjdXFnBL5k/xxq38vqM+1cpm557dpvr/AH8o1eIF3HL1xrAilEn9o8sybuWCAIOfooH5VCt7llYq43nH4s8CqZbxiOt3bXE1k1vvYk7ZNxUH07DNMNp4m2ElqYxNIs3b4k9P9KzPmpQB/aexOLKBysse4u5DEFIJb/MUVsHuHijKqAR2DVWCeIOmBGMl8sYA43AgD9abemettM1yMJb3sNwV4IRxkUzsJXcoigyKp2s3MfbbUCs6xyqS/fatHo2S7gDbyCP5QKUYX3YKgHPYmmDTpw6eW3wgDho+Sf0oasw4qHVQeYZtDHtxIpZT2LZz+hrHJceW74yD7Ad6x2c6xgcb8n8XrWTU2Wcq0S84/CD3qQpuzKFhdCZLC1u+oprTT4FeS8vJ47aGOHG8yOwAAzgHvnn2om2mNoGr6voty2+80q7aznbaVDOuPiHyORTD9nvTn1Txi6Lj8wK0d/JOwx6JbTNjHtkD88VC8Sb5bnxU8QJIJPMxrs6FQeFKqinH5qfzzQDZarhKFdTrbQhGYqd5xnGM0QhlYKAwVc/r+lBLCXz40KPtbPORxTCoURjCqD6kd6KAeqlCBFzrCCT+r2oyRsAY4XYjHcAEn861Q1TXbL7hLDJarJJ/9wqCa2w6xvY4+ntShLACSJoznByGBB/zrTnrSwaG4Cr8A7g4xkU3jZgOeYpkVTyZDsbiCS1uIl3KSp7+lbFf8N3SPvP2l9IkYsRZaVqE4QcKCRHGG/R2H51rtZxKbWRQQMLk5PNbcf8ADD09J/GjVLkZIg0CUo3/AKp4Qe9C1DA9CF03REJeO8y6n49eIshQvJHqscYI/wANpbqB+1LA0oQJHKELXY5PH4c+lN/ig0d74+9aqmVJ1qVWYDuUjTk/sPyof5aPM+7kA98ikWJPEeHHMFnT3utu9Npx2Haod1YNZ7VYEoTkmnK2t0LBWJAxWPUNKW7G0Ecc8jvUjgSpNxPltDNiWP4lHdfalfqmI4AjT4ecMasiCxhjDqTtJ4INL2r6YhLAIXJ9cVBJ9pKiYvBW1wL071Y+b8SjGcgD1+hqytd2rbxt8Ub7uRjvVe+ESR6fe6zvXYxuFAwe67B6e+Sf2qwdVnN6zYAUpggAcge9RR9pNQatkPKLbcn2PaojxxtMEztx6haNlk+64HxZHOahGIZBGCT71NVKGcW3EahjggjgiscSB59sZ7dzzzRCNS8YQ4z/AHc10WIwTnC7seoHapAuRX1hbpq08vVwqYMlxby27KACWQruZfodvI7HFU3ZaLaW1sUSJG2fCqg7wMegPrV6dCHd1xoodA8D+crZH8xhfb69v9cVTWloYJ7glP4fmyYLYJ27jjOPXGKGQoM5dt8xabS44XZypVycjAoNqti8kivCdrDtkZp/u7VJWLuGT2wtCrDSjqGriBFJHpxV7NcQoUk8SjPE3UDHoN3bs6iXGCo9Kpjw78Przrzqq2s4Ucl3G4j0GeTzW3/iB4TaHp2g6jJqFz5N7MzTJuUEuxP4AfQD/vXz7NPQVtpuoT3iqFBG1cjn8/lVw3HMI+IAi5fPg/4e2XQnS9tY2sGwxrkk8knvkmjGs3VzcXTK0xhiX+QHAP1pw0u1ItSAFxj9arzxC0DqOa3mGkRQo75Amlfhc+oGO9DVr6hilClmeVLNoF8/VhZP6cgA/qeaQesNMmeUz2nWzxhO0CFRn981U+ueBXidey3N1eGK8UAsskpaTnHG1RgVRvVul9Y6DdSRS6NJZ3HBmnjj2iQgcHge2BzzTykgcGKMgB9Qmxx8T+punLhYxqb3luDjDuWP7mnjpPxnl1adIrhir+2e5rTvpC71y7ukhkE8hY/hkzz+tbj+DHgndvZ2+pXsRSV/iEZ4IqvqP+ULtWvTH6Tqd3hWRgVBHGTSp1D4mwafFteQHORnH/OjXilaSdM6VKFjbtwB3rTHrjquZ758yFfiwBnmlyeak2FFmXpceNenQMyySI8ufwnj8+KiL4s6ddK5yGc+mT/lWv8ApM9hNcGS6aSaUDJVRnFO1hddIwFPvLzRTMPwHgmjrYHUXOUeDHhtc0fWpdgdYnc42H3+poD1B4bzXN5biKOTbMwVXjGcfPNYYdC03Vb1U0eVppMjau4ZP51tt0H4eTaPo2m3epWkd15S5WOV9gbjjLGrohPqAqZepd62nm4Hs4bSC0gjZJ3ZI1Ut91xkgd8bq5TVLrcnmP8A2S2Tk/Cs6kD5A7ea5V95+7Mz7Hi+n9/OeS1lOjKuG2E923cGikR8vBVkY+xpetLfzJFG8/T3rpeBr/XtN0qN2j+8SrGxU8qCcfrWJhxhnnu9VnOPHbioQ1G6uupdXSwt7czToBH5cOQg+tXN4cfZ4ZZYrvUJmWZgMJbuUAH1GDRvovovQ+kVitrFWlnHxSSykM7H3OKufQpYykfJB9B7Vo6rfp22XUzPh3ydYnzRyD+U6dPeGlpocQELuM9/jYkn8zU/UOmG3IYp3hOe45x+opkt5XKhGjLjHcYqQqNIp3RkD057/lWSWN2DzN44cbDY6iomx/0hppZX23EXqyDy2H6cH9PzqXHcJLHuikG4/wArcGjs9uPLKlcN6j3pf1LTUSQNGGUj+ZaINa44fmAPwzEOcRr+Jc/2V4ZL7x40ROI0tdOvL1yP5mCpEF+mJifyFVHe9RHV+ouodXVDC2q6teXjITnZvmfA/TFWf9lrrzRei/EbUL7qTULbSYodCnS3u71wkcjmaE+XuPAfC8LnLZOAcGtf7G7eCytmmV45JQZnQ5BUuxYg57cmncWVX9QmXmxvibaZY+n3TyBNp7epPemf77/CBJIwOwpA0i+BCFm3rj0PamSCceUFyQGowNxRrAi34j3pl0e4CHPwEMD2xWumuym7Ubn3OOOTnNX/ANfQeZp06l+AO3vVD3cK/FkbT6ZptDQ5iTkt3A+mWhZJGXMjEEE4rdD/AIYGmXP/AIl9YXJVfu9tosMRbPO6SckD9ImrUOzieG3kUAKMHn1reP8A4YEOL3xDlwM/d9NjyDnODcnP70LUeJfSrVxR6sskm8YusLu4Vd83UF+qFf7okKfl+DnPHH51Bm0VReKRJKpBIwHO39O1GdenS+6z1++iCywT65qEsci87lN3KQf0xWLULeRZwwBwTnNJVc0gJJtrHaqgHBHqec1h1a3nUB4JBGe2McVMgkClM43ftUq7PmKAFUv7H/SuHEiriTdadqloVZ3jmZ+StLWtSatFDIPuxwMkFc9qtB7d1+GUMh7jI9KA61PbW8bBpO/fdkgCrDk9SwsdGJnhVayX4v5pR5brOVYkFSTtB/OrFmikMDR8An+bA7UB6Gs1m+9yW8iukku/I428AY/bP500zhuzDbg4796ufpAkm5DsrcqRyRxtznipM0CwlQrBz8hXS2VNzIMk55Ge1ZniCknOOMD5VRgZa5nQZCkjt7VhkRQ4K+p5zXSzuZvMaNVJAGd2Dj9alCJXbc3fvXBRUkcyX05E39Y9LkD7RHKzYPJ/Aw/1pJWxSHW9QiaIRQx3Dqh3ZLLnufnnPqafdGI/p7SYki3SzXCop3Y25Byf0z/lSjr8H3bq3VIyzMBcyZB7A7vT5V1e05TR4kc6REySGNzjPoal+HXTCw9STXRy6Kn4W5Gc10+67QWBB9wKdvDK3hnnuFB2kAEgtVCLjKkXzEbxP6HTra5f7yxjjgOQoHc1G8O9FGjKttHwN3ara6702OGzM6hllRT8PoRVddJzq16XHDbs4xxVV9o45HHEuzprT2khTkHPB9Ka9V6R86w3KCeP0oB0jOjrG7HHNW4l7pzaLgyfxAKMq0ILcAZq/wBVdLdQW7SDR9Yazb/7dwvmxn8sg/vVQdQ+HvilrdyUhi0O4Q95GnmiwffG1q2j6o1Wyt7h23hwT3xSNqHiZp+kzbTcRxjOOWxn8qqpNxroXUQPDf7OWq6PI2odSXNhcXPBjjsLdlWMeoLsSWPzAX6VsN0doz26gNFthjHBIyKC6L15YajaI5dpdwyBijtp1GzQuApVD22gcUXcBxAFLN7ZTX2iXAs7vaA3BChcCtL08NF6m1ZjdSS2MTn4pYk3Ffyrc/xhWW9t5MhiPXGO351TvRc8E9393dFaTOCMUFTTXUnIgZJV+p/Zn6dOlAaX1VJNfg/E9xtyM+hUYI44/wB6UJvArUtHhYQ3aTMOQ453fvW5V54NaT1dbK8sZt5MY3wttf8AWodl9lzRoZle4vNQlVBny3mwp+uAP86aOU+9TPbToZq14VCbo7rvSr3VVC2ttNvZQN2cA+n19/Qn61vtpXW0XXvgfpvUVxbyK11qE9nHHaMAVCTSIrZPGCqDP/q7VT/UvhF03ocBW2tjB8RYuXaQ5+rEnFWb0Bo0vTf2fbHTFhURSaneXBWbKlEaSTBXjnJwefRj7DPKwPBmPqsBxsHWAm0+3LH+z3X6iuUHZI1YjevB/vmuUTan1iu4ex/SeZsUVvpytvYs3oQM0vdKv/SfiVay5+FHJ5OPT9KlXE0iQncwYYrF4dxhtYvb3+6NoOOKQ0uItkAIm/r8t4iKmy/Sbm4u2lZPiPwjPNW7oZSJFQr8Wc89jVKdGXGYIiThu+c8Va2i3eIwFYpnkkHvS+rzHNlZmP8AP/zNLQYlx4VRBQrxLDhu0XbtJx688Cp0N5G+QXAI/CwbNJ1tqByM4b5HtRrT7je2SwPsCOP1pJeRdzXFAdQoxck88fXmhlzGWd2f4RjuCf8AKiiSbypYZA9SMGot2uSQdzFu3NAbGTzLJRMWNQtvMUhgQO+7tSzemaE7cBhnhh3xTrMpiYqzbjnlSOMf60IvYg+47ctjHFdhZ8Te/wCcFqsPzUoDmYdHnWMFpMqcdyQAaZbC7dWB8xGXHApLEnlMI2BBByAaO2V9E0e5gqlRzjtXo8Z3AETyzIyEhp3641KKPTTI6gccYqoLuOLUS8gwPXafWrA62uVurARgn5EDtSLYW340bLDuC3FPBeOBF+L55mCayMemSu+AoHBB5B9q22/4Y/VlpYXXipDdzxwRWdnp9/JJIdoSMfeQ5+g2Zz861dk02S6s5YwCABwR61cf2P8Ao3ULC18ZtegQxx23SEllMHXPnGTc6gntgCN/puPvQcyttswqAqYe0QST6bFcyqY55t0rqw5BZi2P3oxcfxrZHJZWx3xiskdmbG2t4gzlUiUctuJ49c18lbdCuDtIPApOoXcJKso48oS+TjvjvWe4tw0oJyPX2rBbMzFGIU49+alzyRyndgA+vfmuqpJuR7rLhdp3KBySc0ta3aiWFxszkUx3DjaVGNh9KD6hEkzBduR2qZT8oN6HWCxtriNW+IyEjjBHAH59qY5I2nhKgjdkEEjPHrSxoNlNb6jcLG2VJ49cU2Qq0VttYhie5xVh9JUEHuR4YkhzkHf8hmsjXYcbcAn519Qsm8gcfSsYDbQWwPXFcRfckSRbsNnxLjPvWdwkSZOT86wxOJFO1dy45ya7iBVC+ZkA/wAue1RLATvZXUf9YtALRkINRt2L9tuHBH6kAfUigfVFuJvEPqRBKBGl87Ii91DAPg//ACz9CKMs39u03y0B23kDHJPIEin0/wCvrQzqaykPiN1RMyqv9qj2YABI8iPv7/nVSCZAIuYo54zvVkK49+M0Al64u+k9Q+82zKmw8qfWmiW2325zkZ7k1XnUOhxPcvI7MVHZOy1ZQo7h9wELdT/aK1DX7Y2K6akRcbWlzkEetE+i5m8j7wRtducVResvHHdnEgSNW5Bq4+jNaSTTIgj915x61DoBzLY8m40TLN07rcWJKM2CPQGu2u+NFtpNmzSXQUKMncarnWmEqO8ZAYDO4HBrW7r/AEPqDqXX3topmgtAfikZuFFVBJ4EaAA5lrddfaQl1q9+5aPHNdXDttURjOaI9D9J63fahBqPUkRSJ/i2se319KyfZ96C6O6cYST6kt1qWQSZSMj5ADmtoki0XUdNa3eOOa3ZcEZFHC+0qcgbg8RWt+sehemrWNLm9UTADEYkUflRqx8ZOmGs/wCz2NvISMGWS4fIH/pBxn8q1/8AFD7LXTOuXs15ba3qlmCxcQGVXQfIZGcfnVI9R+F3VHTAkXRNWmv7OMfDG7nKgftXFlHBhfUR6JsZ4neJNneCWGCQANn4V5qnNKnGl6vHqcdyfxZMZ9qpGe86hE7x3IeKRTgkjJJ/OjGn3erC3USysEPZueasMN+oEQJyknaZvr4fdYQapZxOkgXA9eead5tYieIh3yDz8zWmvht4iJoYW3u3K57H1qz5vFS3uIiEkZzjhc4rjiJlTk8R16tvoL6fyLXbLeSOIY41PLyMcKv5kgU4eJdkekNO8NemmYpfQaNNNexF95BYxAZJ5OGDjPypc+zx0lL4g+JOj6jPFImnac73rsFwjsq4VG/Nww/9NGvFjqeDqbxa12aKVJ47SRdOikUdljUblB9hIz/n9KhVKmZWpfe1eBFU6aSSdhOflXKIYFco/q95n0s8jbplispHc7iRnaO1G/DSwSPpuW53ASTzt2PO0Y4+n/Ol3V8W+lyMM88E+1NPSN4sXSlnGh+HeSwxwxyf9z+tJ6RtrEk+DH9duZlQeSJbHTUjeQmD8I/mAp/0y7QlTuPAqqun7xS2IztOOTj9qd9L1Ax4+MqfY+tZmbvgz02LHSgSxLG4MiDD7sdzTFp78gl8gUgWN8fh4HPtTPp99gANwKW5XzHUAPiOtrcjjLBl9icVlaRd2SeKW7O5DOGJ+mT3qc+qADA2hj6mu3EigbhQouSbhIpHJBOR79qFXMYDEjJHbgdqyNcnbwVUe61FkuAoOJMsflQdu03L17wfeR7Bvxu9yaERySQXOA4YN3XIIovPOpYcc/WhsiLG7OrDd359K1tLkPRnn9bgr1r1Iuus89vhMAD50CsLdrichiSw759amaheNJKAwLntxWCznFvcqxwuDwQM16LGje8xA6A0Za3hx0lDqJH3tCIsfFnn9q9BvCXwd0zo3w0GiXtnFLd6pahdWIGPOLJtMfH8qglQPqe5JrSXwn1y2t7SdtzCXyyfhQOTjuAvqT7V6P2F7BqNlBdW0qzW8yCRJEOQykZBBoWstQAITG24maidcdMQaBeXenRl/wCwy/d8yY3OAoKsffKkH86ru7ZI5CMnPbFW14qa1a6h1Fq91E0UlvcXCvDKhzvQRIuf1U1R2p6iBdsp4GeGPrSrhSoruWXvmG7CIsp8s4OP5q5OZgdpZAB8u9QdNvpJBtQjdjBxWa5uvLOGQBl/FkcUubhKEhXMpycEDPy7UG1FGZhmTYB8jRZ7mKRH4yw5G2gt9JK5kCOO3JqwAuR11JfQiOb67D5KBsKzYO4YHPf8vypsuYFQFhlgOe1JfSDSW0Usjkhd3BPBP5U3WusWwRmyJHA/D61B7kQeb7ZOw52e1fLi8VEdv5D8u1YZpFmmd1yoJ/mFYL5mMB7Mg9K6pNQnBcqiLghs+xrLcuJIgCCB6VAsZk+7IANrntmsd9cyM3lRsP8AExqoBuTwIcF9HaSW+cOwIYIMZNBeu9Ulseq7uWJ1EMqpISR67QD689hWLWNe0zRbJHmkVJcZQ43EN6HH1pX8VOsf6d1iC/sbWdYZLOIGCbClZPiJJ7+hUcccU7j0uTNyFiObV4dP/m1QlJ1kDFzKvtgcUjdWdVi3iaWMtdR/zGPkLzjk+lIXUHVf9CiS5vbKObA4Elw5A/IED9qo3rPxkvdSd7exAtLfP4IpGC/pmjHSLi/7wyqaxMotCZZ/XvV9laaRPco8SSAZWNGDMW9vlXbwZ8XmvYVtruQsYz2Y8YrW661a4vI2aaRmB9zUPSdWn0rUI57d9rKewoToOljGPKbs8z0MTq63uIBhxg+1CLu7i1e8WKJOG43VSXQnWI1u3i8yUJIQAy59aufpGy/tCv5oJPYUhs2TTGXd1G/TvBTpfV4hPfWpS/K4FzDIySL9CKjzeGl/08+y0631eytt42G7Z5U9sZjwwGccnPzpmt3uoUXynBGPU1zUL65ltsKSWPBUjg0dHIPvLoovmKUun9axWhkF3Fri7ivmaXqYuFUD1ZXCEH5AGlnWetOodEieOfTp9+MZltyc/wC9duqta1bTHkaCBlYdihI/cUk3PiZrUACyyTIw4+I7iP1q5dGNAR68SrRNGAtf6vkvLkyXFgpYfiCxlCPyqI3V9mIQDDMuB+FR2onfdQ6l1ER95u2mA7BwOPyoZLaxhSpVXb2xXVjuvMzXYueDO9jqA1aRViDoPcjNOfTkE0d3Gkx8yLIzkY4/WlrRrZbJgyrscnPw+lWH0zfaRodzDqOsyF40cPHbBiDIw5A49PlUD0xHKBV3NquhOvv/AA88L7mFRBpd/qaFLINIDJJHtVTLk9+/p8vekTTZYoQFj3gdgWyfzye9J8vipD1hIDKiJGgCxwuo2qo9vanLR4bXVLSKWK5aLj8JTKn8weKuNx5iHoTxGBTlQfPPauVH8l14BjIHH4j/AL1yqSNo+7PKfxB0q50jTSipuhLfjPNfOk79P6t26PJgK5+Fe45q27u2ttTVoZ40ljbgq2CP0pH1XoyPRonOnxl4i2dg5xWVgz2NrTe1GnZWDDq4x9P3MEabw2/OMA00pqeNjEAY7YNVtpl55IA7EDsRU2+1UfCQdgA9PShMjBrE1ceQOvVS2LDX43VWJKntgGmjS9ZaUHkY+pqgbLqpUZRvBx3JyKdeneqfOnARwSfQHtQcisPEMgHYMu2z1FZIxkMB7BqKRXylDwwB4I7ZpF0jUiygNy3tRxNSCocHjHY1RUscxxaJ4MPfekC7AQAP1qFPeBDggY9/Wg660Hb4RwDg5FdZrlXbO4DPOKGAF4h2AqoRa8j7gE57g/50PuZtwOAVDcVEnvWiXOB9M0OnvwwLMTg+mabxkKbJiGdAyVIWv3q2oKAMD23DFRLPWY7cr5pJz3XFQepdRhaJGxx2POOaWjqaYDbNpzwxbNemx5N6ijPEagpje6l7dK9Zx2e0BzsPALHkV6G+HnW7WH2Rk6hBjMlppV2qF8hGeOSWNSexAJUcd+cV5LadqzBMsN27tzxivQfpPUfuH/Dm6XnlnWSa8uLU71zh2fVgxwDzjAJx7A59aBqG6EtgIYWIq6vrMkm1Gl3lQAd30pLkkElyylc5J5rvqRnbNykuWH/6ZGc1E+9SrIrPHkt/d4pctHVURg0pmhfaBxj14NZdYnZ1G5SVz33VCsLkSc7XTHHHPNSbmWKQEyFgE9WoYYGdYEFXssjgJDsjQDsB3qBFO0cLhyfqeKK3N3bxyEuyggcBgTmhGrXML2rHzFBx+GreLMsBPum3byhow3A+eeKLWR+7NuXBGMbWH+tQNOt4oNB028RQGvUkdTj+5I0Z/dTWM3pDbFzuU5Oe1XXnqL9GHI/7TJ5i4UL3Uc5qSkSTkqzAZ7gdzQu2vSVHOD+1SPvB3Lggk9yTXN3LEyWoMQKjgdlzxmhnUetQ6PZbVUyXMgO1VH/XvXbUbzYVkJCqnb0oLo+kPr+rTajcNugj4RPUn1/Kn9Hg+e1noTL1+q+RjIXswTb9DT6rZNearNL5jEMiKSpIHPcGsmraXDPpYu7eaYgJtGXDIMfPGf3qwUENxbNDn8HbPpVe9Sa1/VewvxMCIArSAEYXgfpXp2OxaUTxPzGzOPmGafeMfVd1Nrt1YpOzwQNsJHY+uOO9VNHIZ7gq2Dz3o91TqbalrN7cO3E8zyH8yTQqwgT7yvbvxmvN5su9+Z7XDj2oKmW5gCuqbuPlzio6W4huNwGD70d+5oJx5hAP7Gvuo2cS7CMMSKjYQLhrB4qGugp3SQyQyESKc+2a2F8PfEKMSxQXIEMwOPi9a156FlS31Hy2yAw44zzTtqUU0EwlQlZe6le1Z2RmJruP4qA9M3U6f1q11G3QgqG+WKaLcaa65nKs3titDOnvGzVOnLkRXKvJGp/EDVjW/wBoqK5iU7yrH0NUCv4jauvmbJdRaXpF2CcRkeox3qnOs+n7GZmaNET2HFKZ8c2ni/huHDHADHn8qB3XWjapLvdyCT6nNVIYeIZihEzXelGzZijceoXmoc09tZrulYAAZyaHav1nbWCFVfzHHopqute6sudTnCKxWP1AHNEVWMUfIqDgxu1fr0RuY7JQ3u7VBstauNScvLI24HuOwpQgnEsgAbDfMUe0+HymG4Pz7Din0XZ1MTLkZzLE0PqIwSRsJG2rwWBIq+/Dnrq0mgjSWVQy8AsQABWrsJZ1wjHn0NFtMunhuQpfy+Mb3xg0XluIlly5VHX6zdL+t2mn/wDdxn/3CuVrCmqrsX+Jjj2rlT9kH3plf7q3vKvinEcu4KA+MH51mWQXK5IGAOQaDXV3skc4A+p4oN/WUwXBUuMeuK8Ym7/w8T7LvXqFdW0WG4Zp7f8Ahy4xjPBpJ1rfBujckMvvTxa6xFfFSTn6mo+vaNBrNsyBcSDswPNETJRpjf6xRsQa6lR3+sPbcBjj3FMPQ/VG66AZzuU5znmlXqbS7nSZminB25+Fveh+h35stRic/gJwwp8qHWwJnBzjbmbc9Pa4XgjY/FuAwc96aV1OOSPD8542/KqU6c1hHt0+AHGCCT/lT5Yaks5TYTnGSDWU42miK/v4zfxsXG4COsDLEDsbbX1ywHmL8fuT3oRDchkUgZIPxAHt+VSluVXkBgRwM/7VAv2hiwuvM6zylmYvz6jNDb+UOq7WO8exoldsMAsGfjvihd5GvlnP6etW3VyO5RxUWdfzNbsozuHI5xSrLcMcKSM+xFOeoKpRhkqMcfOqz1XUfu+oGNscN2NbWlynb6p5LXaUHJvjnY3BhgJMm0BTj27V6J69c2fTn/D38FrWzjIjvv6JKiU5Bdke4kZs++1zj3IrzHh1Jr1DGOwUng4PavSrx10WTpv7Ef2fNJmuoxPBJpallyTIf6MuDx+vOaI7AmLY12ipXI1OO5tsmTcx7cYrHFqAyOCWUdzxmlWLWlhgESvvfseK7afqm9JQSuFPB7YoVm7jKrfUf9KvFkG1CCTycjip85DKcvhPUD1pM0fV9+QCCfr/AM6ZYJzNa4YBCOe/Nd5kkGZJjG6ZC8YxweaBauiJAxIBY9gaMqhWLdkY9xzQXW5Qbc4XJxwfWrXUoQtcz7azGPpDpZnwT5N1u2Nwv9pfj5E98fOokt/HcuqxvtLdge5xXezHndF9OyEO5b72pLYyCLhuB8hn/rihk8MqS4IYBexI/wBRRkWxcWLe0MWl66TBIzvJHYUVEuzmQc+ymhGnW4ixN5ePmT2onFGskWckux+LmuI4uSBfEH65d740hyEVj3Jo1040dlA0GFB9cHPNLmuSNYzQOsXmIp+IH1ovaXY+JkH8u4YOM/Lmtv4bqMbgovcxfjvw/Np8ePUufS3UbOmtGu+pup7TR7MK91ebiiE4yqjLH8hTn9pfwd0vw8+zT1xqNwVutTfTJFV3APlORhSnzBP51m+zPZTX/im19JAstpDpzeXMAAYJS4GM9/jUt/8A1/Omz7fcE1z9nDq+OByv9kDSYOCUEiFhn5gEfnTeqzPvGMdTB0eNT6jPE/WLM4YkFOe4qFp9qSDlc4o31DKJZNi4HOQAc1isI1FtI+ShA9KxmDbuRPUCwJje5XhF/EPYVjnndsPwMeuahtITI3BznvUxbVliLNwpHqag5G6EvwO5k07U5LXUYJFwCDk81b1pqMWpaekhOZMc7apxLdfK3lhn2FOfRmsCJghGB68nmlyhu6jWJlPpBkjXdOErlnQ8n8Q9KWpU+55+IsfrirH1G4WeEsQqjHcUqXmnpPuKgAn39aHuP+JEZZVPBEEWmqyoR8Zx6YqSdUllAUTMVz+Edqh3Nq9pKFYblznI7VjaeNTnjA5IHFXUEf4iKt6eJnuLgoeXJHqaweZ5hY8E+mBWB5Wm7ABWPGKkw2pjwXywHYCijjloqxN3JWnwvJkDCr3+lWp03os13pW2KNpTjjHpVe6TaPPeoqYZTjsK2v8ACfQIINKLSopRFDOVHA/PtTaLv6ieV+OqlMw9L3TfxI4ncKcMqj8NM2gdMwvNEbhA44YjPpWx/hN4T3OrWs+t/dGNlPK0kbj4soTkYzVgdS+AUGuaYdQtbZY54V3lkQDcAOzU3iSjzMbMCy2P5M13j6T0cxqfui9h6n/euU+LopVQAsRAGMiuU58xPaef+Xk9z+pmi8zxugVl5Hp6Um9SafJBunh3YH93tTUrq74/EB39RXS4jjmJXbhD/Ljg184TcnfU++NjV1voxS0HW3k2Ryg5z3Bp5sLxDjucj8RNJWqaG9lL51upEfcgCpOnaszAIO4PIJojE9qZyuRw7XG3Xun4detBHKgORwcVSXU/T0/TmomGRfhzlW+VXfpF60zbM/C1d+o+mrXX7J4mAaUKcEgHFWwZApowOowfMG5O5W/RuvFoVUnDKcYzVpaRqysqEMefQmqSawl6V1Ro5jlSeKdtA1kyYJYAe1HypfKyNK+0bXMubSbtfTIajsc4fnjPYc0g6Ne7lRlbePU47U16fcB/5s+1ZmWlFkzXVQOYZkYhchssPQetDrlyU3EDOcYqcHGMDO7FQLwuicgFvnSyPfUszBhBuoICgPDD2zVX9d2ZiuluVChHOCuMEVaU0bEbsblx6elKfVVgl/p8mWBK9q1NNkKt1MvWYrS4qaNtkgfYfLcxtgj3x7+lenP2wr/Z4KfZ405YxHFLFHdeQVA2mPTgq/MY870/7eXvTV1Ely8c6loVBDrnG5exH6Zr08/4meuQaJq3gzo9rbxW6RpqNzGUAAjjSO3jCADsP4g/+PatB/VPPAeJrddGK1kVCyLM/YE8mu1vby+aP4bMD6elHvDtZtW6P64tH6L0nW7jXraO0seotQIa40oAESiBSpIJ3BgysuGAznAw/wDUlx/UPw9dtJ0/+kdeE0ckrFQVCbgXAzngDjA5PfipxqeyeJcELxK7sHFqMMGAPoBj96NT9QRaTpu93eNG4ANWPoGk2fil07aXl1p0Wk3zxgh4gFU8fiz7GoGn+DthqOuRr1RI8+j2kh22sUuFuG4wxKnO3gjbxn1qflm526x3E/RJpNXijit3mubmbPlWsKGSWQ/4UXJP5CnO98F+srDpq71zXtKbQNGt4xLJearcRxBVPb4QWYEkgBSM5IFbJeD/AFb0R0BYQaU6aXo13NNM1vHFCsYSEOdgGAMnbgn5mgfjld33i913030zZyed0ZpdxFqOpyyqDHqEm4FYMAcqFzn5t64ptcS9dxJ8zjiqlN3Xgz1Fpnh50rq8NjcXekC3luGliAzCkzrIpkXO7Bz3xxj4sUvJpMcnMzJt7ZzxW/s/UsM+li3srYRnbt8sqNoHsBSTovhv0tHq8+of0HZLezNvdvIX8XuPb8qOuO/FfvA/PK98zTy40kwqpiikETfhYA7W+h9a+W9q9sC+VI9fhrerqjp7Rrzp+WK60kXcKLkRQRAuPmo96168U/CqDojpPU+o7e9luLZNjx2k8QVm3uqrGDwQQW/mBoGXGQpYdRjTkZ8gQDkygOpofvNm7qGDDkE8V36Y1GG6tooJAElciNB/M7E4CgepJPA9ak6w3mpLFuT407EVWwklbzLcztbOkgeG4T8cMinKOuR3BAI+lYeHVHBmGRTPtWv+EYtb8P8AsmQeOPoZ6S+A3hwfDzolLO5Yz6jPM9zPK3f4j8Kj2CqAAPl86D/ad6cHVXhJ1XoZUk6lpk9spzghmQgEH05xUP7Mv2g4vGXpHZqfk2vVukbbbV7OPABYg7J0Hfy5ACR7EOvdTVl9e6cNQ0RyFJwM5Aya9MuQ5HD93Pzvm0jaPIcLimUz88d+HxGJY1WRQNxHofUVlt5UlheMkdsj0qxPtI+HNz4Z+LnUmjNbSR2humurF3yRJbykspBPsSy/+2qrBMeSR27gVRkKtNIAMoJn2BAJTnBGaOSQhbbIQHj1pbtbxFuTkcZorLrIjOwHeCMd+RVRfica8GfI+YOF27TRDTLlrOdXVcA9zUC2ujLDKjAbPT0rtaTMiEEZU/PmrHIKqpKgKfEsGzvYrqMAgAt3HvXLrTpA48tSwx2xS/oziV1xLsI+dWL0/Ym7T4pCT8x3rPJo3NBSWFxFvLbCMJF2gemKU5CDM0Y4TPrVy9R9Iyz2EhjUhsei8VV9x0vd2s39pXykPY4pjC4PFcxXULS2J1sLGFYwysGapa2LTThgoVc+lcsrF4TsAEijtj1p60npW6ktllkgKE8jcmabZeORMv53gNO3RfTq6jq9pGAFywyS2OPX9q286H6Dn68ns+jNBQwQXOBqd+nJhixyo92bGPkCTVEeEnhXe9Z9SQ2MErRksC4xnC55PFehPTdnofgb01FaacqyamyAFlAyD7mnsGL02IhlyMTzLT1ufpbwr6QjsZFjRYYBFDawDLthcDj0HHc4FUTb+Pktz940eLThawOSgnaUPI49MjAA/U1B6j6luOoN813OfMY/ik7VVeq6ZPY6mJbSG5uZCdym2heXPP8AhBpjFgYH1G4llzAD0iO50O3UkJGQg4Axnj9a5QeK611okP8AQ2r8gH/8suP/APiuUz9m+kz/ALUn3j+k857eM27bicqa6u4SXIBJJz34xWf4XGGjKv7+9YptpIXnI+XFfMS7N4qfc+aoNMjOrRHeQAfU+tLeqaabSbzoCMHkhaOvIqse5OKxvtljwysc9s1VbU0BKkGv8pB0TVAJN+8qwH4Se9OVheGVRn4C3uvekC5i+63asq5UHJpp0jUknCqvxe2R2ph145/mcjWKmPrTptNWtfMSJDIvYnvVd2lydJuPJlXa4PpV3RRLJbESBVPy9ar7rbpQEG5gTY/fgZq2POK2GCyabkOooyboGr+eyqcqvuO1P2k30eF2nOOxz3qken78pMFdSJEODmrK0fVThSTjHbAoDqLj+HkeruWTa3IdTuypI7k1imZDGcctnv2ofp94ZUG8kkjjnGamN/ET4h9BjtSoIVuI2fYASFcMI+RnJ7jNCL+BZM/CrK3pRydFb8QAx7ULuVEchHoR70QOu76xbKA42kSs+pNPk068aSJCyyEYjjX4m5Hwj69vzr0I+1pa3/2i/Gvp/UbR103pTRNBjghMzK8z3E7iSdSik4KBIkPOMqcZFandFatDpXUEMs8aMrHZvkTO3PqPY1sLpNn5N0t/bXzshXLLv4NauN2YXU83qMPym46jb0zpw6L0eHTbVI0tIhhcn4jk5JPzJJNSp+rLdVZAVmcd1PYUlahdy38iRGYgF/i9QVweP8q+wwWtvOkdxsEI5z2pgBmim5ejLDstWlubcFciM8Yj4A/Kp8U7rj4G2+5pPXrzTLIrCkySKo4WMgkflROHryyfAaOVQRnJjOP17VcWO5B+ksOzs7TULRGmjDFPiBxyDTNp2qtbujRsMf3T3qobHxO061cwiVVJ9DxTNo/Vll1Cz28FwYrpezLgU3iYCKOL7l96L1EPLUsw57cime11pF2ttyT/ADZqhtDn1SwJW5ImjJ7oOSPc5/0p5stSKQowPJ9Ca0AREmA8R/bVJ4dSkum1N/uzoE+6uq7EYfzKcZyfmSKqD7R13qOq9OaPBbR3d1ZRXn3m4mtLd5htVGAWTYDgZcNkjGUoR4vdT6jZ6Cs1vMbWGCRZZmX8TIDyM+g7Z+Watf7LNxeap4UWGs6i7PcapJNdJn0haRvKA9xsCnPrmlc6DIhXqNafVHQ5Uz1uo9TS24u4Li/XyZVkA+EhWBwaQNft/K1KdfLKs7FwfnXov40+FPTnW2ls9xDb6XqEckZi1WKFfNiJccE99rdmGex9O9al+K/2Zutulp1v7aKDXLMNw1kSsm33Mbf/AOWYn2rAyfDsqDdj9Qn1z4b/AKr0muXbmOxvYnj9ZS/SHibqPg317pfXWmmWSGDFtrOnoObyzJBdQPWROXQ++R2Y16odKdSab1v0lbajpl1Ff6feQrNBPEcrJGwyrA/MGvJvqG3OmXy2t7FJaSz8C3uozG4OP7rAGrU+zB9ovUPBoSdM31xHJ07NK8lqJ24s5GIOxT6Rs2489mbjg8M6LK6N8nKCPa5h/wCp/ha61ftmm5Yd15EePtWfZ6tvF6TULSMJZdSaB/HsJ/xie1kVj5bZ9DIr45+EoD2JB8zOrujtU6Y1a4try1kt5omKPHIMYwcd+xHHccV66ax13H1brllrTWps7ny2s7uIOCrITuR84G7aQQB6eYa1B+1v0rbQJNqMKoBKSGwPz5r0ufDuXd5nyvDlKHbU0cmf4zuUBvYHFZo7NhbmZUIX3JzXee3SWc+gB9OaliUR2ph3bc+9ZJJHYmjwxkewlJPfIo7Eo8pSu3ngj1peSMRzZYZU9ttMWmIi2jPkAe9SlMfVKuCPMnaX5cN0oBJTPIq4ui2jZFYMGB/l9qqmCKf7ss0cBmSPltnBAozpnW81hnyIcp/dJwRXPhdzSy6Z9o6M2Es0ga2LSqgQd2b0pE6v0jT9ccpaKxKn8XYZpd0PWuoesbtLa0hlnLD/AMqJSTitnfBX7MepapLb6n1En3axT4jaunxt9fTH61r6XRBBbCY+r17N6E4lP+Fn2Xeo+rZo76O2/wDw4HcJCMhx7jmrN6i8LrjQQto0RJXgfDit8uhF0rSrCLTtOiEKRrtCBR2FIvWnTkGpdVyLLFGVfjJ7U22NL2gRfCX7ea8+BECdC3OtajPCVmkjRIR35G7JxnHqP3qwNEi1Xr3WGjtENzdPkqjEqB9Tg4FH+vPCyPS9DhnsLcGee5igUgZAZ3Cgn5DNXv4T9E6X0J0+C5iScrumnc8k+uTUuwwJdQLo2VqXzEuw+zdbTW0Da/KNQDKN9iwBhJ4POQScEf8AKrAtLzp7ozTBZX09jpNrGNsZlcRqPlzSj4qePel6DZvBpEqXdyOPOByoPyrUDxH651bqDUrbUry4F15b7lEhB8rPtxxXn8/xI7dvZ+k9b8O/0tkzgO42ibonxo6GQlR1Bp7AcZDkg/tXK0ej6viZFJKZIBORXKy/9xy/dnp/+lNF94/tNKmbzAoyce2c1wTIsZUgFvc1gFwZcNgDaMcHAxX0t2GxffOazN7OKqHAVubs/hPjMpb8QJ+nFYZARyCfkD/tXWeWNcNxx7c5rG9xubdtz8hU0R2ISwOGE5IsbDL5L1E028WC/wBjcDPvUhZhIcnAP9096HX7eXJvCqD6tUAAnmddciWFpd806AI+UB/mqRqsK3MLFc5xhhtOKUdA1YSKBnBHpnvTZDcpPGSDlgOeDQmQ9rDr6hulVdRac2m3LXMS5Ucke1Hem9SimhR2bJOOKLa7p4u43CoQCOSy8UhW1z/Q2pmB12o34SORTAUstxdXXG/Jl2aXfRkIQQMCjkEoZcCTg+oNIPT+oq0YI7AZPH+lNtneKyrjA4yAeKVZSG6miGVhCJUoNjcjPp3odcJiR85K+nFTEuQwDM23Jxt2n9ajXZyQc/kfWuprs/xIC3yYInbyXyqjPrmrz8LuqBrHT7wvN/HhO0hgBkY45/WqQvo0EbMMbvYtUzoTqN9G1YRxShfMOCC3Bp7FkPtMvWruTkTYQeZFMJCAIx/MaDdT6/b6tIlpZqrSRjEjqRtX5mvlvpmpa7GVur0Q2zekR5IrD1JaxaBaQ21naL5ZyWYr++aeBJnm/TcK9KW+lWNrLPb26NfIcM7DJ+XNYH6y63i12SKzNnqFpjJi8vDIPkfX86D6Jr1xexNY6ZCn3h8b5QDtjHqfmatLpnSrfS7EK5WSV8F5G4LGpDe85uDwYnRdSX+sa4rah0q8skaYJdOPqD2o/b2F4pOt6ba6hauvH3ePYUJ+Y/F+lPdpDAW+MAt74pt6ftYIE2MUO/8ACpNNIwqh/f2kMEIuuYpdOeI3X+jW8b6j0tHqMW0sWgmCSd+BsOecdznv6e3zVvtKG0uVRultUtGK5eN4gSD6+v8AlVpbYoojt2syjkelClsINTaOW9gjjcjJ9cfLNOr9CRECzC7AMqrqPxxi6msU0oaRqEk2oyR2EUctvld8ziMblJyQC2SPYVv30Fodt030rpul2sYitrOBIIkBztRVCqM+uAKojo7RNNm1WDbFGxRgwAAPI5Bq/tNmWKHbllwPaish2d/tMzM249VMeoBp5LwK5B8vCgqCAeecf9dqB6jeR6505b3ULb4pY1kQ9+CM1MSaE6jdPjDsArMM+mcf50C0zUA39JaaUEQtJdiKoIyhUMrD5ckfVTTWNKr6RcciLd5oum9XaJd6Tqllb3yOpRo54gwce2Mc1pl9oLwPt+k9JfUtGtMwWkxXUrUnfi2bhZlycjYfx5JG3JGNvO5Wo3h0m8N1n+Epy2R2HuaD9ZWlt1FpbXlrsuEZCsiAAq6EYKnPcEE0XPhXKtETS0Gvz6HIGRiB5F9zTHwU8UXuLiTo3WPMnnERfTriQnMiry0Zb1ZRgjPJGf7poV9pOa61rTD5sSr/AA5GGGIyQB6DisOs9Kt4YeNmhQQwsNIubpDpcpOMIymNocnGWjycn+6VOc5FGPtCaQl9oNtBJuMiT+aohxuYYKspPths49dopLEMhQq/iaXxVcQdNRh6cX+c0S020++6m1srAFjwSax63p0uk3JSU/D6N70w+I3SN90Hr6ywxN91l+OOXg8e3HrSpqWsXGoAea7SH03elIZAE4Y8xZG3CxMZmXhlP60XsbvzbQDcQR8u9AbFS7tvDD6ipYmEJOzcFHcVQEgcSxAbvmXV4bpbahZSxuzK6r3TuKZNDu7XTr9t9lb6sj8MJYgsyEdsHnIqi9E6pvtGk32sxj3jDAeoqxOmdWuZL+zv7oSfdhIN7xrn2zz9DTOLUNwtxc4FbmjNxfBbrbTI4YpLWziEO8qQVG4EEgjkZ4II/Kti5usn1myiig/ho3fHFav9JaZol9aS6jaTvcxOAVdDjnHpjirT8JJLu/1NLW43EoQQ+3aCPz/51sq5agZmsgQ8CbL9CaZBbWKysCJSMlu1KPUl5nq9DG2Pi54HP60725FlYhFbBxjtVO+IOvLpd290SXkBwBnuasxANyQNwMsfqjrnTulNLt3u8zvK6IIk78kDOPYZqofFfxuGou+nWThbJF+Pa34j65qP070lr3Wtrca3rytY2ijdbRvkSGPaCCwPY5zx9PXitZtc1JptUuIp5VRWkIwuc9++c/tisP4tmdECHi56n/TWlw5M5yuL29R4brnTtTneEybZz2Axj/Oh19HFeQSDCj/DVS6vpc+kXyXMLtsyH3A8H5U39M9SLq0XltgSr3BOa8wFIFgz6iNTZ2kVMD2Ox2XE/Bx+IVymkrGTncP0rldt/H9JF/3+iaZBCVQhtpU7sqe1dsgcgl8nvUC2uGLHDKF9jWZ5GVlAAGecqc1Jx7TwZ4xWHYE7PMpZhtYsvqawqyo4YoJFbuMnB/euzsyNuc7lI7mscjrHjbwDz3q43AXxC0G+s6GVIpMKBketRLpxO5ypPHes0si+ZkJuI5zio8s5HJIwe9UWsh65gXBPQ4nNEu0t7vaBg54OasC1v0dUUZLEc+xqrXbbMHU7RnuOKben9QygDjdg8GofGRzcJjyMOCI1XsfnW7AKQpHaq96psiT5oUfByCe9WIrqyYyCrDnFAtasluVkUDcAMCqIXHphshBHJEXOltUMiDJ24Pc1ZFlfKYkG0MD/ADZxVOWtw2m6s1vxtJ4zVg6VekKpLDB/MVbIh7uEx5Fqrj5DMjIp2YT/ABc19kCMMlcMO2B3oRY30boNrkNn8IoklyrDAb4h6etKBXJ5EYDX0JEmVivC5/bFB5R90mEhUFgeCDRq4QN8St8XqKG3sKv88ckZ71dXKGrlXQMOYcHXmsaZZ2a6detE7sAxn+ID6Acmm3VOttbU2VpcQpN94IDPPlF7ZJxyarTR5CNRjAAUBxgMabuo7hY+p9NEl9BC+A2y2Jdz8j7H/etXC4M89mxkOdo4jLH1Zc6dqsdjAEtomOAIotgJPqCe/wC9ZLzrjUh1GumvqCwIFBJMmf1PYUpPeSXXXUAjtGmjQghr9sL88ipltqph8QSgvLWDy1O4wR7gv7HNHYMDcVJW68xiserOoj1JPZR6zMioDhkiJHH0FHOjevOqb7Xbu0OrXJEWdrm2JYY+VI+k6vHN1rdu+q3bIVIDwwYI/KuvSWuRL1VfhLjUCecuq5Yj9eK5Q9y+zd3LX0HrLq/VZr9ZdauYTFnCiy3qSPf1/cUT0bqnqrUtEu7ldTYzWpKlFtHAb8j70g+HGrCTWtZCHWGDRsAqHa2fUnP/AEKafDfqp4odft5LHV1WLP8AGSQuzADsRnOc/X60+lg1X8wTIFF3/E2K+yc+q9RNf9QajeC7hyLKKNYynlSKSZSc985QD2weTmtq4rto4vQYFa9fZq0h+jvDnRbC4MhnmjN3KJ2y6SSsZGQn/CW2jPYKBV2zX/8AAOTgEdua3AnpAM8tlNuSDPtpfq81wSeQfSli9vJNI6/R/gFnqMG1m3fF5q/hAHzUt/8AGs9jeD7zPgk/UUN67LS21pdRPteM5yvY/Kiggwag+ZL1sCO4ZduYn9xilmWVtMlZCSYZP5faiEerjWNNSRCDIgx2pd1K53ht2d3oeDios9SpAuVb4z9D23UtjGjHynguY7+yuQDmC4jcMvb+VsFWHqrGq18VjJ/Vr79ECTaOskigZJXODx68H/XBxVz65dPcwyRSHKqOCTiqrv7qK7a80qd2CzqQADiq7qMId5XaDxK96/8AC2LX+lnltIku7OSPe8MgyUYj8SH59/8AKtKuremJultWe2dS8YOVc+o9PzrbvrvrfX+kOkE06MKksQMDSBcNwMA5JOcjn61rJqF/J1I1xb3xDXLMZInxli3t+eaydTl3NtE0sOmyY1DnoxOuriNYgUJAxyDUKF/MJAABPYgmstxC8cjxSArj3FRYXSJiAPjHakjfmMmZxJIh3SfFg8DNWT0B1VDEscN0T5QYFk9x61VbzPMxVhtz2FEdLSdJVWGTBzjbmq0D3DYsjIbTibm9KdcWfQvkXZSW+6Zvhw6f+ZbyDGVIOPfP6Vffh1499CAfeH1SOyEYyzXSFMD3zitF+kJ9Xu9NewEE0sb/AAyIEJ/7Vhm0y/6b1aOJ1kjSY4VXyuD7GmU1DqaWHyaEZl+c/P5z100rxK0XqHTw1lqNteIVBWSCYMCD27VWl9dQa51oiyIGjt5Aw388+9efun/f5la6srSSW4tiN0sabmiz2Oe4rBb+LnV3T9/5lprl9DMjcMzmQg/R8j9qZGocn1CZ7abGg9LT1Y696ysunOhLl2dInMJVEJ/EccV549S3i3F5IIRwSQCzZI+tY9P+0xrHU0cOl9ZSRX8MUY26hCmy4Rjn4mCEI4we20ds96H6rC9wsk9hPFfRsx2zQNuB/LuPzFZWtXNmcN4np/g2TTadCN3qPvJena5DsWw1FwVP4XzytYtU0y70Sf75YZmhJzuj/wC9JOoXM0MhWVSHB+LIyc1L0nxEudJeKMM7Ke6nkY+lKfKcCxN063GTTuPyuOSeJMiqAyjcBg/9ZrlCD1tpzks1vb7jyfgFcpf/ANpl/tA/8z9jNebe4J25CqQeD71K3kSlmZV9RzQiCU+YOeAOCB3rJNO8rDK7yOcVxG3o3PNI6MbMJyXMqgIRvz6kZr4lztO2SPJ9M+lRY7qWVC24RlcD8OM1jF0xY5+LHqRVbLDmOErXBMzSzvM4BUoucZxxX2VyCq4Dr9KxtcSqhyqsh9KxGbg5ymf0qoFjqSpReTcj3ahyeDgew4FTdBuWRtm7bzwcVCklKICx4zUOC/eG+GM7CeMVYAsKlHZQ1y1rG6zEDx8RwD71lliMqsGiGfRiaBaPdb1XOQwwQcdqY4R94jxhnUDj0GaB/wBon4RoAMATK06u0s290lwAFYHnAoho107wox24A5xRPqq3SS3dNhPHY9qT9CuvI3RN/KcDNHJLDkygGJHuWTpN2N4OAD7n1o7DdI0v4gTnt2pE0+eZdrM+V9BRyxujJJwMfM8mlmsD1GPpkDcGNUl0AMLGp/POaj3CGRSWi5/wjtWO3bIG5dxPBx2FTCm5CG3N7YpcAdrL/gYAubd7eRZVABB9O9StPuzNr+n3DCO22kB5VXc7c57fPtmu93DJn4UHw+uahaPqp0bVEnyjSA/CGXK/pT2HKy8GZuqUleYwW9/BfdfMUsrvUiiZLzEhfb07VI0m71YdfzJbWFrbYXOG9Bn3paku9R1DrKS4uNRSySXBAiOOPpURZNIXrqVp9TuZ48ldx5JrQ37uCZhXt75/KOGlXGtt1xdj73ZwOMnZgEfpXXp3UL/+uF8JNXtopCGGU2jt7HtSpZS6Lb9ZSuPvUsLAgZ/FUfSNY0az6puDJZzywgsAQcMR+dXsEUDIBvn/AIEbOltbvrfXdUkh6g8qTY3x7uGOfnx/rVpfZnt9V1bqh0j16Nozcq9xHwwlQMNwHtlRjPpmtddCv9D+/ajIbSZx8W3GcCtkPsH6Jbap1Br+swRuIbYparI7ZBdsswA9wAuT/ipnALcCKahjs/8Ayb5aNpL6U8bQ/wAWMgEe4pqfUJViJaJmGPSlqC3WKNGSTa/vmiJ1mexjG+3Eqj+ZDzit0MOp58jzItpqayam6rlGwQQ1SdWY3+jSRgqWXtQW71Sxv5vMt5RBdKfwScE1Mtp2DMrABXXuec1JaupAEQ4Ndn6Wvv7QrvayNjcASAan6vdGX+024LxuM4z2rB1O0btJDL+EnvSfaa+dIdraR2aPnazg1TcCZNEzp1Ffl0dBgMOeTiqE6/1ebRdTjuJGIMciuMNtBAOeflV069dW9xDJNE4JAyxQ8/vWvPiVfC6kkJJCL6n1FQXAkhC3pJlp3HSul+JnSFxa3ECXUdzEtxAwIDKwG5SD6E9vzrRTqjRRbXk33dXCByF3Aq6YPYj0Irbf7NXWQvpr7RpHjb7tKHt2DEt5bdwR8mBx8iKkdaeAWmaj17qN/IGFhdTG6MCcDe3L4xyMtk/LdQdQjZwDjM0tFqMenVsWpNDseeZolLa3kk6SvG8sUZwzlSQPlmmyy6Mj1aSGS3VPjAOFII5+dbi9e+FGj6l4ca1o+nWMNvO1qz258vJ81RuTJ+oHNafdF63Jo99BbXEbKrN5bAjlG7Y/Xg+1WxYvlkAmxM/LqBmUtj4qderfC3UbO1F1DZOyqPiaJcgUgRxTRXKxsCuDzgc1vF4e31lcxva3qJIpAHlTgED6cc1WfjP4AvYXcmsaDAZLKXLuq8+W3qPfFN59KjAFZkaX4o2448krbp3UuoujLZNU0fUnWEgbkfDAc+x/0qwLDxs616l082d3HpmoRNwVntASfzBBqvdH1CTTNNuNNvIyQwIXevKms/RN0IbnIJAVvxUll24iNhNTVw5Wykg/8Swek9cm0Kw1iz1G1MV1eyiRWBwFAAxjn359ahLojaxY3t+cyyxTo0hJAOwnH+3an7TrfS+q9G+63rbpMfA6nBU+9DNF8MILoSwHrDSunb5ZNkcGqlohcKe2xsjcSeMDPp7ig2WNqZonCyiyf2i94kafbR6+9uLeOzkaFHQRrsViVB7emaq1UvyZTC3llGwY0bafrVz9VeGl2H8m96r6eu5Y/hUSaiXdVySAMrkDnt6Uq23hZ58hjGv6WAThil2HCn2yBVtjOO/3EEzIvuPy/wDqIDX19NgF5ZX9QTzU1INSgMMlzayoGwFMiMAfoa2B6a8LPDTpnSWvta1d9b1NB5iW8BZYsjHqDg/Rjg+1Leuw9SdQXcl7ZNNc6bE4lFndFgDtzj4T64+VcMZA2EylOfUhofXv9pXLadcbjwveuVYv/jBKvEnRWkiQcMDbsMH17NiuUptX6/pDbv8A1fzNZ4ZGB4rMJgrEgc+nNR0JELHPNY1J8xPrWGTXM9IewsmCV5QSfhwfQ1x3PmD+IeBWFu1fJeJlHpiqBywsiHFXQklbpgRuGQK+PdkvwMKRyMVxACTkZ4qKSd55q6m5ZxS2ZnklSRANrZ9jUGZwGBVT35IrLkmXvXy4GFrjwIPGpyeajD09fZAVm3D59xTla3p+BTkjHpVfaB+NfpTbZsRMoycY96qyEruuPpiI7MJalFFJbk7Qd3tVY3wXS9Yz/LIexNWPcfgP1quuq/8A6iM+u6qYgTzcplXqHUkIAYHBHpRLTL94g2WOP0pZhYm37miVsxCcEjipckiiZbDybjtpmooyqxf4j6AHIppt7pWhUghvkarPTWJkOSTTdYO3kpyf1oRVqsGOI5c0YYvHj2MmARjnmli+gijZW/mB4OaYcAyHIzxS/qwBkPHpQgWU8GGfCHFNIMP3RNdgv7tZJ8YAVWwSR25qUupwp1rE1logbewULJyf1rt04itfx5UHDjGR2ohrrtD1xAUYofLJypx71tY2O0XPNapRjcD3nyW+1SPrrd/REJZuBGvz7VCtL7VV6uuGGn20EzFm8sqNh9wAfz4/7UFv7yc9XwEzyEnPO81G1G6m/rNu86TJ9dxoe4cn/mARLBIhjRtRvI7rU4l0uInJLccD/X96cPBvxB6k6Qe9GlvDZKWMhTdgZ+Yzz2qudPuJVvrzErjKHOGNL8FxKFuiJXByf5jVlJXkE/rAsARyJv14V/a31TWLe4g1s2sr25/8y3JX4fmMnnvVydIePWj9YM0VlqNuHHwvGzgYPz7V5EaffXMF87R3EsbEHlHINHel9TvIblzHdzoc91kI/wBaax6twai2TSKRuuevWoNBefGJI93cMhrvpHUMlhMIZpvMixgE84rWT7NmsX9/oMf3m+ubnHA82Zmx+pq9WYmcgkkVrq9i4g+nCc3HfWdQgnt0e4sI7uMc/hyR86r/AKju9Bvo2y72Ug7ZBwKb9M+K155x71WnijGkdtuVQredEMgYPMig/tRUJbzFXxiuIr6hHbxrJ5OropGdob1qhfFSZo7OZ47uOWQH8Ab8VWFrAAeTgVRviYdsfHHx+lBzLfcnTgg9wB4TeII6K6/i1OTfA0YKug5V0JGQRz7A/lW+mr6zBqGjafq1nLFPDPEsscqn4XVhkEHkHIrzWgdh1RCwYhgwwQee9bmeEkjP4J6erMWWLUr2KME8Ii3UwVR7AAAADsBVNOSeLhNTjDm5bGnXEF5GGJAZviDhwP2rQrxY0VehPE3qKzktvMgW5Nzb+a2dySAOCPkCxX/21uB05K5juvjbg8c9q1n+2AoHiTpzAAM2iwlj6n+NN3pnICBYMT07AsUIiz094t3SXaS3UQjhXnegJH51b+h+PtprFlLbTahaWyFCqpKn4sjHrwK160E7unGB5GexpGvWIu2AJADVT5jqBzD/AGbA5JKC5sTe6noXUImEvkW75I3s6qGz2x2pETyeltb8p5hJaz/hdTnApe0ok2Xc9qgXrFsEknn1oOZ2fkmNYPlYyAqcy8Om7xtOuFmjm3xPjueDVk3Wl6b1tpRidRFchcK65yD/AK/nVE9EzSHTsF2IHYZ7VafRsri4T427+9ZSszN3NNiNvUUUE3hprbxa3befprMNk0fOT+9WlYdf9OWto9zFo9jqMboCI3AJXj1IAyaheL0McnSjFkVjgHJGaqzwp+NL5G+JQRhT2FPEOUsMYkGRT/jf4y39O8dNHs3LHp+2twTj4EGP3FZOovHiLWLYpbQRRxAfhSMfuRVe9R20QYYiQf8AtFJ0w2QNt+H4z2pamJ7hGzHoKB+UZZfEuy8190SZyc/AK5SE6gseB39q5U/KP3jA2/0/Sf/Z","judy ann","quinos","amarille","juday","brgy. qui ong","1997-12-09","23","Single","Female","Purok 1","Yes","Positive","0910203933","judty@gmail.com","sk captain","tabang","1","no remarks");



#
# Delete any existing table `tblzone`
#

DROP TABLE IF EXISTS `tblzone`;


#
# Table structure of table `tblzone`
#



CREATE TABLE `tblzone` (
  `id` int(5) NOT NULL AUTO_INCREMENT,
  `zone` varchar(10) DEFAULT NULL,
  `username` varchar(50) DEFAULT NULL,
  `password` varchar(50) DEFAULT NULL,
  `picture` text,
  PRIMARY KEY (`id`)
) ENGINE=InnoDB DEFAULT CHARSET=latin1;


